Peptide,-10lgP,Mass,Length,ppm,m/z,Z,RT,Area,Fraction,Id,Scan,from Chimera,Source File,Accession,PTM,AScore,Found By
GSYGSGGSSYGSGGGSYGSGGGGGGHGSYGSGSSSGGYR,151.26,3311.3008,39,0.6,1104.7749,3,26.98,1.1457E7,1,79772,8789,No,FK-HNcP-clin-S01_171025053022.raw,TRINITY_DN817_c0_g1_i2:1-651(+),,,PEAKS DB
TAMSTPHVAEPAENEQDEQDEN(+.98)GAEASADLR,140.89,3312.3960,31,1.8,1105.1412,3,35.92,6.1297E6,1,84930,14532,No,FK-HNcP-clin-S01_171025053022.raw,TRINITY_DN790_c0_g1_i1:150-1883(+),Deamidation (NQ),N22:Deamidation (NQ):47.09,PEAKS DB
TAMSTPHVAEPAENEQDEQDEN(+.98)GAEASADLR,90.78,3312.3960,31,0.6,1105.1399,3,35.53,3.9593E6,1,84704,14279,No,FK-HNcP-clin-S01_171025053022.raw,TRINITY_DN790_c0_g1_i1:150-1883(+),Deamidation (NQ),N22:Deamidation (NQ):47.09,PEAKS DB
DKDDDGGEDDDANC(+57.02)NLIC(+57.02)GDEYGPETR,134.37,3044.1519,27,1.0,1015.7256,3,40.03,1.3367E6,1,87323,17205,No,FK-HNcP-clin-S01_171025053022.raw,TRINITY_DN9958_c0_g1_i1:2-3358(+),Carbamidomethylation,C14:Carbamidomethylation:1000.00;C18:Carbamidomethylation:1000.00,PEAKS DB
GVITDQNSDGYC(+57.02)QTGTMSR,132.08,2088.8840,19,1.1,1045.4504,2,33.15,9.3342E5,1,83317,12733,No,FK-HNcP-clin-S01_171025053022.raw,TRINITY_DN172_c0_g1_i1:322-8937(+),Carbamidomethylation,C12:Carbamidomethylation:1000.00,PEAKS DB
GSETSHC(+57.02)FTGLSPDTDYGVTVFVQTPNLEGPGVSVK,130.64,3781.7781,36,2.7,1261.6034,3,55.55,1.3446E6,1,96098,27174,No,FK-HNcP-clin-S01_171025053022.raw,TRINITY_DN1804_c0_g1_i1:1165-10230(-),Carbamidomethylation,C7:Carbamidomethylation:1000.00,PEAKS DB
EENAVHSTEPVVQEN(+.98)GDEAGEGR,129.51,2453.0579,23,1.0,818.6940,3,27.91,6.959E5,1,80279,9366,No,FK-HNcP-clin-S01_171025053022.raw,TRINITY_DN1131_c0_g1_i1:185-3991(+),Deamidation (NQ),N15:Deamidation (NQ):26.31,PEAKS DB
N(+.98)GVGTSSSM(+15.99)GSGVSDDVFSSSR,127.05,2135.8914,22,1.9,1068.9550,2,42.34,6.8082E5,1,88644,18699,No,FK-HNcP-clin-S01_171025053022.raw,TRINITY_DN172_c0_g1_i1:322-8937(+),Deamidation (NQ); Oxidation (M),N1:Deamidation (NQ):1000.00;M9:Oxidation (M):1000.00,PEAKS DB
N(+.98)GVGTSSSM(+15.99)GSGVSDDVFSSSR,110.35,2135.8914,22,1.4,1068.9545,2,39.64,5.6816E5,1,87094,16951,No,FK-HNcP-clin-S01_171025053022.raw,TRINITY_DN172_c0_g1_i1:322-8937(+),Deamidation (NQ); Oxidation (M),N1:Deamidation (NQ):1000.00;M9:Oxidation (M):1000.00,PEAKS DB
GGGGGGYGSGGSSYGSGGGSYGSGGGGGGGR,123.93,2382.9446,31,-0.9,1192.4785,2,25.73,5.5568E6,1,79053,7977,No,FK-HNcP-clin-S01_171025053022.raw,TRINITY_DN817_c0_g1_i2:1-651(+):TRINITY_DN817_c0_g1_i1:1-630(+),,,PEAKS DB
GGGGGGYGSGGSSYGSGGGSYGSGGGGGGGR,89.77,2382.9446,31,-2.2,795.3204,3,25.70,1.4235E7,1,79034,7955,No,FK-HNcP-clin-S01_171025053022.raw,TRINITY_DN817_c0_g1_i2:1-651(+):TRINITY_DN817_c0_g1_i1:1-630(+),,,PEAKS DB
GGGGGGYGSGGSSYGSGGGSYGSGGGGGGGR,52.72,2382.9446,31,-0.8,795.3215,3,26.07,1.4235E7,1,79242,8195,No,FK-HNcP-clin-S01_171025053022.raw,TRINITY_DN817_c0_g1_i2:1-651(+):TRINITY_DN817_c0_g1_i1:1-630(+),,,PEAKS DB
GVITDQNSDGYC(+57.02)QTGTM(+15.99)SR,122.99,2104.8789,19,2.4,1053.4492,2,29.79,1.1487E6,1,81415,10608,No,FK-HNcP-clin-S01_171025053022.raw,TRINITY_DN172_c0_g1_i1:322-8937(+),Carbamidomethylation; Oxidation (M),C12:Carbamidomethylation:1000.00;M17:Oxidation (M):1000.00,PEAKS DB
GVITDQNSDGYC(+57.02)QTGTM(+15.99)SR,72.63,2104.8789,19,1.3,702.6345,3,29.82,1.2087E6,1,81433,10628,No,FK-HNcP-clin-S01_171025053022.raw,TRINITY_DN172_c0_g1_i1:322-8937(+),Carbamidomethylation; Oxidation (M),C12:Carbamidomethylation:1000.00;M17:Oxidation (M):1000.00,PEAKS DB
GLFDEEM(+15.99)NEILTDPSDDTK,122.97,2183.9417,19,1.3,1092.9795,2,52.36,1.6587E6,1,94347,25133,No,FK-HNcP-clin-S01_171025053022.raw,TRINITY_DN48_c0_g1_i3:2-1696(+),Oxidation (M),M7:Oxidation (M):1000.00,PEAKS DB
TPEVTC(+57.02)VVVDVSHEDPEVQFNWYVDGMEVHNAK,121.54,3828.7400,33,0.8,958.1930,4,56.19,3.1814E6,1,96417,27577,No,FK-HNcP-clin-S01_171025053022.raw,TRINITY_DN1_c0_g1_i3:1-1026(+),Carbamidomethylation,C6:Carbamidomethylation:1000.00,PEAKS DB
TAM(+15.99)STPHVAEPAENEQDEQDEN(+.98)GAEASADLR,118.28,3328.3909,31,2.1,1110.4733,3,33.16,6.3696E6,1,83319,12737,No,FK-HNcP-clin-S01_171025053022.raw,TRINITY_DN790_c0_g1_i1:150-1883(+),Oxidation (M); Deamidation (NQ),M3:Oxidation (M):1000.00;N22:Deamidation (NQ):47.09,PEAKS DB
TAM(+15.99)STPHVAEPAENEQDEQDEN(+.98)GAEASADLR,105.82,3328.3909,31,2.0,1110.4731,3,32.81,4.4191E6,1,83112,12508,No,FK-HNcP-clin-S01_171025053022.raw,TRINITY_DN790_c0_g1_i1:150-1883(+),Oxidation (M); Deamidation (NQ),M3:Oxidation (M):1000.00;N22:Deamidation (NQ):47.09,PEAKS DB
TAM(+15.99)STPHVAEPAENEQDEQDEN(+.98)GAEASADLR,83.93,3328.3909,31,0.4,1110.4713,3,33.51,6.3696E6,1,83524,12968,No,FK-HNcP-clin-S01_171025053022.raw,TRINITY_DN790_c0_g1_i1:150-1883(+),Oxidation (M); Deamidation (NQ),M3:Oxidation (M):1000.00;N22:Deamidation (NQ):25.44,PEAKS DB
GLIDHQTYLELSEQEC(+57.02)EWEEITISSSDGVVK,117.86,3593.6719,31,3.8,1198.9025,3,61.91,7.65E5,1,98944,31218,No,FK-HNcP-clin-S01_171025053022.raw,TRINITY_DN48_c3_g1_i1:1054-2454(-),Carbamidomethylation,C16:Carbamidomethylation:1000.00,PEAKS DB
STAGDTHLGGEDFDNR,117.67,1690.7183,16,-2.3,846.3645,2,28.15,7.9786E6,1,80426,9525,No,FK-HNcP-clin-S01_171025053022.raw,TRINITY_DN338_c0_g1_i1:270-2210(-):TRINITY_DN10155_c0_g1_i1:2-448(-),,,PEAKS DB
STAGDTHLGGEDFDNR,76.69,1690.7183,16,1.5,564.5809,3,28.13,7.8615E7,1,80414,9512,No,FK-HNcP-clin-S01_171025053022.raw,TRINITY_DN338_c0_g1_i1:270-2210(-):TRINITY_DN10155_c0_g1_i1:2-448(-),,,PEAKS DB
STAGDTHLGGEDFDNR,25.65,1690.7183,16,2.4,564.5814,3,28.89,0,1,80879,10016,No,FK-HNcP-clin-S01_171025053022.raw,TRINITY_DN338_c0_g1_i1:270-2210(-):TRINITY_DN10155_c0_g1_i1:2-448(-),,,PEAKS DB
EDDEDKDEDEEDEEDKEEDEEEDVPGQAK,116.43,3438.2874,29,2.5,1147.1060,3,27.88,4.6938E5,1,80261,9346,No,FK-HNcP-clin-S01_171025053022.raw,TRINITY_DN70986_c0_g1_i1:650-1903(-),,,PEAKS DB
EDDEDKDEDEEDEEDKEEDEEEDVPGQAK,62.86,3438.2874,29,2.5,860.5812,4,27.82,4.9173E6,1,80227,9309,No,FK-HNcP-clin-S01_171025053022.raw,TRINITY_DN70986_c0_g1_i1:650-1903(-),,,PEAKS DB
FDENDVITC(+57.02)FANFESDEVELSYAK,116.22,2841.2327,24,-0.8,1421.6224,2,68.38,3.1206E5,1,100654,35306,No,FK-HNcP-clin-S01_171025053022.raw,TRINITY_DN2339_c0_g1_i1:2-1645(+),Carbamidomethylation,C9:Carbamidomethylation:1000.00,PEAKS DB
FDENDVITC(+57.02)FANFESDEVELSYAK,109.05,2841.2327,24,0.8,948.0856,3,68.35,1.4398E6,1,100644,35283,No,FK-HNcP-clin-S01_171025053022.raw,TRINITY_DN2339_c0_g1_i1:2-1645(+),Carbamidomethylation,C9:Carbamidomethylation:1000.00,PEAKS DB
TEGDEEAEEEQEENLEASGDYK,114.25,2499.9885,22,1.0,1251.0028,2,36.26,9.596E5,1,85135,14758,No,FK-HNcP-clin-S01_171025053022.raw,TRINITY_DN58075_c0_g1_i1:60-1889(+),,,PEAKS DB
TEGDEEAEEEQEENLEASGDYK,98.24,2499.9885,22,-1.7,834.3353,3,36.24,1.6324E6,1,85118,14740,No,FK-HNcP-clin-S01_171025053022.raw,TRINITY_DN58075_c0_g1_i1:60-1889(+),,,PEAKS DB
