Protein Group,Protein ID,Protein Accession,Peptide,Unique,-10lgP,Mass,Length,ppm,m/z,z,RT,Area E01cancer,Fraction,Scan,Source File,#Feature,#Feature E01cancer,Start,End,PTM,AScore,Found By
1,3578245,TRINITY_DN172_c0_g1_i1:322-8937(+),R.GVITDQNSDGYC(+57.02)QTGTMSR.H,Y,132.08,2088.8840,19,1.1,1045.4504,2,33.15,9.3342E5,1,12733,FK-HNcP-clin-S01_171025053022.raw,1,1,46,64,Carbamidomethylation,C12:Carbamidomethylation:1000.00,PEAKS DB
1,3578245,TRINITY_DN172_c0_g1_i1:322-8937(+),K.N(+.98)GVGTSSSM(+15.99)GSGVSDDVFSSSR.H,Y,127.05,2135.8914,22,1.9,1068.9550,2,42.34,1.249E6,1,18699,FK-HNcP-clin-S01_171025053022.raw,2,2,2565,2586,Deamidation (NQ); Oxidation (M),N1:Deamidation (NQ):1000.00;M9:Oxidation (M):1000.00,PEAKS DB
1,3578245,TRINITY_DN172_c0_g1_i1:322-8937(+),R.GVITDQNSDGYC(+57.02)QTGTM(+15.99)SR.H,Y,122.99,2104.8789,19,2.4,1053.4492,2,29.79,2.3574E6,1,10608,FK-HNcP-clin-S01_171025053022.raw,2,2,46,64,Carbamidomethylation; Oxidation (M),C12:Carbamidomethylation:1000.00;M17:Oxidation (M):1000.00,PEAKS DB
1,3578245,TRINITY_DN172_c0_g1_i1:322-8937(+),K.ELC(+57.02)EQ(+.98)EC(+57.02)EWEEITITGSDGSTR.V,Y,112.21,2629.0796,22,7.5,1315.5569,2,51.21,0,1,24397,FK-HNcP-clin-S01_171025053022.raw,0,0,2495,2516,Carbamidomethylation; Deamidation (NQ),C3:Carbamidomethylation:1000.00;Q5:Deamidation (NQ):1000.00;C7:Carbamidomethylation:1000.00,PEAKS DB
1,3578245,TRINITY_DN172_c0_g1_i1:322-8937(+),R.LLEAQIASGGVVDPVN(+.98)SVFLPK.D,Y,102.88,2253.2256,22,4.3,1127.6249,2,58.86,5.5709E5,1,29279,FK-HNcP-clin-S01_171025053022.raw,2,2,2124,2145,Deamidation (NQ),N16:Deamidation (NQ):68.45,PEAKS DB
1,3578245,TRINITY_DN172_c0_g1_i1:322-8937(+),K.LENINGVTDGYLNSLC(+57.02)TVR.A,Y,98.19,2137.0474,19,-2.0,1069.5288,2,52.65,6.5031E5,1,25320,FK-HNcP-clin-S01_171025053022.raw,2,2,753,771,Carbamidomethylation,C16:Carbamidomethylation:1000.00,PEAKS DB
1,3578245,TRINITY_DN172_c0_g1_i1:322-8937(+),K.ELC(+57.02)EQEC(+57.02)EWEEITITGSDGSTR.V,Y,97.81,2628.0955,22,-3.5,877.0360,3,51.16,1.3758E6,1,24366,FK-HNcP-clin-S01_171025053022.raw,1,1,2495,2516,Carbamidomethylation,C3:Carbamidomethylation:1000.00;C7:Carbamidomethylation:1000.00,PEAKS DB
1,3578245,TRINITY_DN172_c0_g1_i1:322-8937(+),R.AEMDMVAWGVDLASVEQHINSHR.G,Y,96.75,2594.2007,23,3.4,649.5596,4,57.09,2.9912E6,1,28152,FK-HNcP-clin-S01_171025053022.raw,2,2,200,222,,,PEAKS DB
1,3578245,TRINITY_DN172_c0_g1_i1:322-8937(+),K.LENIN(+.98)GVTDGYLNSLC(+57.02)TVR.A,Y,95.56,2138.0312,19,2.4,1070.0255,2,53.56,3.5816E6,1,25902,FK-HNcP-clin-S01_171025053022.raw,4,4,753,771,Deamidation (NQ); Carbamidomethylation,N5:Deamidation (NQ):60.92;C16:Carbamidomethylation:1000.00,PEAKS DB
1,3578245,TRINITY_DN172_c0_g1_i1:322-8937(+),K.LSLQDAVSQGVIDQDMATR.L,Y,94.69,2046.0051,19,0.0,1024.0099,2,52.39,1.3698E6,1,25157,FK-HNcP-clin-S01_171025053022.raw,1,1,2669,2687,,,PEAKS DB
1,3578245,TRINITY_DN172_c0_g1_i1:322-8937(+),K.SVQNDSQAIAEVLNQLK.D,Y,94.38,1855.9639,17,3.3,928.9922,2,58.45,9.9878E6,1,29017,FK-HNcP-clin-S01_171025053022.raw,2,2,711,727,,,PEAKS DB
1,3578245,TRINITY_DN172_c0_g1_i1:322-8937(+),K.GFFDPNTEENLTYLQLK.E,Y,94.29,2027.9840,17,3.3,1015.0026,2,58.32,9.7305E6,1,28936,FK-HNcP-clin-S01_171025053022.raw,2,2,2414,2430,,,PEAKS DB
1,3578245,TRINITY_DN172_c0_g1_i1:322-8937(+),R.AVTGYNDPETGNIISLFQAM(+15.99)NK.E,Y,93.37,2398.1475,22,4.2,1200.0861,2,57.14,2.2369E6,1,28182,FK-HNcP-clin-S01_171025053022.raw,2,2,2335,2356,Oxidation (M),M20:Oxidation (M):1000.00,PEAKS DB
1,3578245,TRINITY_DN172_c0_g1_i1:322-8937(+),R.TLELQGLINDLQR.E,Y,91.91,1511.8307,13,2.2,756.9243,2,57.44,8.9896E6,1,28375,FK-HNcP-clin-S01_171025053022.raw,2,2,1763,1775,,,PEAKS DB
1,3578245,TRINITY_DN172_c0_g1_i1:322-8937(+),R.LLEAQAC(+57.02)TGGIIHPTTGQK.L,Y,90.12,1994.0255,19,1.6,665.6835,3,34.67,1.0138E7,1,13712,FK-HNcP-clin-S01_171025053022.raw,1,1,2650,2668,Carbamidomethylation,C7:Carbamidomethylation:1000.00,PEAKS DB
1,3578245,TRINITY_DN172_c0_g1_i1:322-8937(+),K.ENAAYFQFFEEAQSTEAYLK.G,Y,88.82,2385.0801,20,0.9,1193.5483,2,62.53,3.7715E6,1,31608,FK-HNcP-clin-S01_171025053022.raw,2,2,374,393,,,PEAKS DB
1,3578245,TRINITY_DN172_c0_g1_i1:322-8937(+),K.ITNLTQQLEQASIVK.K,Y,87.97,1684.9359,15,0.7,843.4758,2,48.23,5.7269E6,1,22491,FK-HNcP-clin-S01_171025053022.raw,1,1,1612,1626,,,PEAKS DB
1,3578245,TRINITY_DN172_c0_g1_i1:322-8937(+),K.SAIYQLEEEYENLLK.A,Y,87.95,1840.9094,15,1.6,921.4635,2,62.55,1.1856E7,1,31623,FK-HNcP-clin-S01_171025053022.raw,2,2,246,260,,,PEAKS DB
1,3578245,TRINITY_DN172_c0_g1_i1:322-8937(+),R.ALLQAILQTEDMLK.V,Y,87.49,1585.8749,14,2.7,793.9468,2,63.66,6.1164E6,1,32327,FK-HNcP-clin-S01_171025053022.raw,1,1,772,785,,,PEAKS DB
1,3578245,TRINITY_DN172_c0_g1_i1:322-8937(+),K.DFLQGSSC(+57.02)IAGIYNETTK.Q,Y,87.22,2002.9305,18,2.5,1002.4751,2,53.13,1.9287E6,1,25628,FK-HNcP-clin-S01_171025053022.raw,1,1,2252,2269,Carbamidomethylation,C8:Carbamidomethylation:1000.00,PEAKS DB
1,3578245,TRINITY_DN172_c0_g1_i1:322-8937(+),R.ALLQAILQTEDM(+15.99)LK.V,Y,86.89,1601.8699,14,2.0,801.9438,2,58.57,5.9312E6,1,29095,FK-HNcP-clin-S01_171025053022.raw,1,1,772,785,Oxidation (M),M12:Oxidation (M):1000.00,PEAKS DB
1,3578245,TRINITY_DN172_c0_g1_i1:322-8937(+),R.FLEFQYLTGGLVDPEVHGR.I,Y,86.88,2176.0952,19,5.5,726.3763,3,56.77,1.2498E7,1,27946,FK-HNcP-clin-S01_171025053022.raw,1,1,2726,2744,,,PEAKS DB
1,3578245,TRINITY_DN172_c0_g1_i1:322-8937(+),K.YC(+57.02)YLQNEVFGLFQK.L,Y,86.77,1807.8604,14,-1.0,904.9365,2,59.53,6.0027E6,1,29703,FK-HNcP-clin-S01_171025053022.raw,2,2,739,752,Carbamidomethylation,C2:Carbamidomethylation:1000.00,PEAKS DB
1,3578245,TRINITY_DN172_c0_g1_i1:322-8937(+),K.LISPESTVM(+15.99)LLEAQAATGGIIDPHR.N,Y,86.65,2634.3687,25,2.8,879.1326,3,60.33,8.5863E6,1,30212,FK-HNcP-clin-S01_171025053022.raw,2,2,2039,2063,Oxidation (M),M9:Oxidation (M):1000.00,PEAKS DB
1,3578245,TRINITY_DN172_c0_g1_i1:322-8937(+),R.AVTGYNDPETGNIISLFQAMNK.E,Y,86.51,2382.1526,22,0.7,1192.0844,2,63.57,7.4514E5,1,32268,FK-HNcP-clin-S01_171025053022.raw,2,2,2335,2356,,,PEAKS DB
1,3578245,TRINITY_DN172_c0_g1_i1:322-8937(+),K.TGSQYDIQDAIDK.G,Y,85.49,1452.6732,13,0.2,727.3440,2,38.56,1.0789E7,1,16252,FK-HNcP-clin-S01_171025053022.raw,1,1,2524,2536,,,PEAKS DB
1,3578245,TRINITY_DN172_c0_g1_i1:322-8937(+),R.SGSLSLTQFADMISLK.N,Y,85.11,1696.8706,16,6.4,849.4480,2,62.86,4.0089E6,1,31818,FK-HNcP-clin-S01_171025053022.raw,1,1,2549,2564,,,PEAKS DB
1,3578245,TRINITY_DN172_c0_g1_i1:322-8937(+),R.EIMWINDC(+57.02)EEEELLYDWSDK.N,Y,85.06,2616.1035,20,1.3,1309.0608,2,66.85,1.0741E5,1,34339,FK-HNcP-clin-S01_171025053022.raw,2,2,282,301,Carbamidomethylation,C8:Carbamidomethylation:1000.00,PEAKS DB
1,3578245,TRINITY_DN172_c0_g1_i1:322-8937(+),K.GGGGYTC(+57.02)QSGSGWDEFTK.H,Y,84.96,1892.7635,18,-1.9,947.3873,2,41.09,1.575E6,1,17892,FK-HNcP-clin-S01_171025053022.raw,1,1,168,185,Carbamidomethylation,C7:Carbamidomethylation:1000.00,PEAKS DB
1,3578245,TRINITY_DN172_c0_g1_i1:322-8937(+),R.TM(+15.99)IQSPSGVILQEAADVHAR.Y,Y,84.55,2138.0789,20,8.1,713.7060,3,44.26,1.3864E7,1,19942,FK-HNcP-clin-S01_171025053022.raw,1,1,983,1002,Oxidation (M),M2:Oxidation (M):1000.00,PEAKS DB
1,3578245,TRINITY_DN172_c0_g1_i1:322-8937(+),K.N(+.98)GVGTSSSMGSGVSDDVFSSSR.H,Y,83.36,2119.8965,22,2.0,1060.9576,2,46.88,5.0322E5,1,21618,FK-HNcP-clin-S01_171025053022.raw,1,1,2565,2586,Deamidation (NQ),N1:Deamidation (NQ):1000.00,PEAKS DB
1,3578245,TRINITY_DN172_c0_g1_i1:322-8937(+),K.VTAM(+15.99)QLYEC(+57.02)QLIDK.T,Y,83.16,1726.8270,14,-2.0,864.4191,2,44.26,1.7352E6,1,19941,FK-HNcP-clin-S01_171025053022.raw,2,2,1975,1988,Oxidation (M); Carbamidomethylation,M4:Oxidation (M):1000.00;C9:Carbamidomethylation:1000.00,PEAKS DB
1,3578245,TRINITY_DN172_c0_g1_i1:322-8937(+),K.AQQIHSQTSQQYPLYDLDLGK.F,Y,82.90,2432.1973,21,0.4,811.7400,3,43.56,1.1321E7,1,19489,FK-HNcP-clin-S01_171025053022.raw,1,1,835,855,,,PEAKS DB
1,3578245,TRINITY_DN172_c0_g1_i1:322-8937(+),R.LNDSILQATEQR.R,Y,82.80,1386.7103,12,2.3,694.3640,2,38.81,1.0801E7,1,16414,FK-HNcP-clin-S01_171025053022.raw,1,1,1256,1267,,,PEAKS DB
1,3578245,TRINITY_DN172_c0_g1_i1:322-8937(+),K.TTIHQLTMQK.E,Y,82.32,1199.6333,10,-1.5,600.8230,2,25.47,1.9377E6,1,7809,FK-HNcP-clin-S01_171025053022.raw,1,1,1375,1384,,,PEAKS DB
1,3578245,TRINITY_DN172_c0_g1_i1:322-8937(+),R.SGSLSLTQFADM(+15.99)ISLK.N,Y,81.98,1712.8655,16,1.3,857.4412,2,56.74,3.2326E6,1,27928,FK-HNcP-clin-S01_171025053022.raw,1,1,2549,2564,Oxidation (M),M12:Oxidation (M):1000.00,PEAKS DB
1,3578245,TRINITY_DN172_c0_g1_i1:322-8937(+),K.AQQIHSQ(+.98)TSQQYPLYDLDLGK.F,Y,81.67,2433.1812,21,2.9,812.0700,3,44.43,8.2519E6,1,20048,FK-HNcP-clin-S01_171025053022.raw,1,1,835,855,Deamidation (NQ),Q7:Deamidation (NQ):8.64,PEAKS DB
1,3578245,TRINITY_DN172_c0_g1_i1:322-8937(+),K.SVQNDSQAIAEVLN(+.98)QLK.D,Y,81.32,1856.9479,17,-0.1,929.4811,2,59.53,4.0146E5,1,29707,FK-HNcP-clin-S01_171025053022.raw,1,1,711,727,Deamidation (NQ),N14:Deamidation (NQ):9.34,PEAKS DB
1,3578245,TRINITY_DN172_c0_g1_i1:322-8937(+),R.VVIVDPETNK.E,Y,81.29,1112.6077,10,2.4,557.3124,2,31.77,4.0158E7,1,11905,FK-HNcP-clin-S01_171025053022.raw,1,1,2466,2475,,,PEAKS DB
1,3578245,TRINITY_DN172_c0_g1_i1:322-8937(+),R.ELDEC(+57.02)FAQANDQM(+15.99)EILDSLIR.E,Y,81.00,2525.1414,21,0.6,842.7216,3,61.44,2.2982E6,1,30920,FK-HNcP-clin-S01_171025053022.raw,1,1,106,126,Carbamidomethylation; Oxidation (M),C5:Carbamidomethylation:1000.00;M13:Oxidation (M):1000.00,PEAKS DB
1,3578245,TRINITY_DN172_c0_g1_i1:322-8937(+),R.TMIQSPSGVILQEAADVHAR.Y,Y,80.83,2122.0840,20,0.5,708.3690,3,46.35,9.3595E6,1,21278,FK-HNcP-clin-S01_171025053022.raw,1,1,983,1002,,,PEAKS DB
1,3578245,TRINITY_DN172_c0_g1_i1:322-8937(+),R.GYFNEELSEILSDPSDDTK.G,Y,80.79,2157.9590,19,1.7,1079.9886,2,59.68,7.2106E6,1,29801,FK-HNcP-clin-S01_171025053022.raw,2,2,2395,2413,,,PEAKS DB
1,3578245,TRINITY_DN172_c0_g1_i1:322-8937(+),R.TMIQSPSGVILQ(+.98)EAADVHAR.Y,Y,80.26,2123.0681,20,0.4,708.6969,3,47.45,3.6983E6,1,21984,FK-HNcP-clin-S01_171025053022.raw,1,1,983,1002,Deamidation (NQ),Q12:Deamidation (NQ):39.31,PEAKS DB
1,3578245,TRINITY_DN172_c0_g1_i1:322-8937(+),K.SAIYQ(+.98)LEEEYENLLK.A,Y,79.94,1841.8934,15,1.3,921.9552,2,64.09,1.3068E6,1,32599,FK-HNcP-clin-S01_171025053022.raw,1,1,246,260,Deamidation (NQ),Q5:Deamidation (NQ):104.80,PEAKS DB
1,3578245,TRINITY_DN172_c0_g1_i1:322-8937(+),K.NLPLADQGSSHHITVK.I,Y,79.82,1715.8955,16,1.5,429.9818,4,28.08,4.341E7,1,9479,FK-HNcP-clin-S01_171025053022.raw,2,2,690,705,,,PEAKS DB
1,3578245,TRINITY_DN172_c0_g1_i1:322-8937(+),K.LKQ(+.98)ESDQLVLNQHPASDK.I,Y,79.73,2050.0330,18,-2.1,684.3502,3,27.29,4.9388E5,1,8975,FK-HNcP-clin-S01_171025053022.raw,1,1,329,346,Deamidation (NQ),Q3:Deamidation (NQ):20.17,PEAKS DB
1,3578245,TRINITY_DN172_c0_g1_i1:322-8937(+),R.NSQGSEMFGDDDK.R,Y,79.71,1428.5463,13,2.0,715.2819,2,29.08,4.332E6,1,10141,FK-HNcP-clin-S01_171025053022.raw,1,1,593,605,,,PEAKS DB
1,3578245,TRINITY_DN172_c0_g1_i1:322-8937(+),R.ETQTEC(+57.02)EWTVDTSK.L,Y,79.38,1712.7200,14,1.1,857.3682,2,34.68,6.458E6,1,13719,FK-HNcP-clin-S01_171025053022.raw,1,1,1952,1965,Carbamidomethylation,C6:Carbamidomethylation:1000.00,PEAKS DB
1,3578245,TRINITY_DN172_c0_g1_i1:322-8937(+),R.KTGSQYDIQDAIDK.G,Y,79.25,1580.7682,14,0.4,527.9302,3,32.49,6.5413E6,1,12305,FK-HNcP-clin-S01_171025053022.raw,2,2,2523,2536,,,PEAKS DB
1,3578245,TRINITY_DN172_c0_g1_i1:322-8937(+),R.AEM(+15.99)DM(+15.99)VAWGVDLASVEQHINSHR.G,Y,77.60,2626.1904,23,2.3,657.5564,4,49.76,6.5848E6,1,23469,FK-HNcP-clin-S01_171025053022.raw,1,1,200,222,Oxidation (M),M3:Oxidation (M):1000.00;M5:Oxidation (M):1000.00,PEAKS DB
1,3578245,TRINITY_DN172_c0_g1_i1:322-8937(+),R.ALLQAILQ(+.98)TEDMLK.V,Y,77.57,1586.8589,14,0.4,794.4371,2,65.53,8.9421E5,1,33505,FK-HNcP-clin-S01_171025053022.raw,1,1,772,785,Deamidation (NQ),Q8:Deamidation (NQ):97.69,PEAKS DB
1,3578245,TRINITY_DN172_c0_g1_i1:322-8937(+),K.ITNLTQQ(+.98)LEQASIVK.K,Y,77.46,1685.9199,15,1.1,843.9681,2,51.06,1.2921E6,1,24299,FK-HNcP-clin-S01_171025053022.raw,1,1,1612,1626,Deamidation (NQ),Q7:Deamidation (NQ):23.10,PEAKS DB
1,3578245,TRINITY_DN172_c0_g1_i1:322-8937(+),K.GFFDPNTEEN(+.98)LTYLQLK.E,Y,77.36,2028.9680,17,-0.1,1015.4912,2,59.41,9.9513E5,1,29627,FK-HNcP-clin-S01_171025053022.raw,1,1,2414,2430,Deamidation (NQ),N10:Deamidation (NQ):0.00,PEAKS DB
1,3578245,TRINITY_DN172_c0_g1_i1:322-8937(+),R.TM(+15.99)IQSPSGVILQ(+.98)EAADVHAR.Y,Y,77.28,2139.0630,20,3.7,714.0309,3,45.45,1.4505E6,1,20710,FK-HNcP-clin-S01_171025053022.raw,1,1,983,1002,Oxidation (M); Deamidation (NQ),M2:Oxidation (M):1000.00;Q12:Deamidation (NQ):49.35,PEAKS DB
1,3578245,TRINITY_DN172_c0_g1_i1:322-8937(+),K.DEETGLC(+57.02)LLPLK.E,Y,77.13,1386.7064,12,-0.4,694.3602,2,55.21,6.1861E6,1,26952,FK-HNcP-clin-S01_171025053022.raw,1,1,2436,2447,Carbamidomethylation,C7:Carbamidomethylation:1000.00,PEAKS DB
1,3578245,TRINITY_DN172_c0_g1_i1:322-8937(+),K.LKQESDQLVLNQHPASDK.I,Y,76.99,2049.0491,18,-0.3,513.2694,4,26.08,1.0754E7,1,8198,FK-HNcP-clin-S01_171025053022.raw,2,2,329,346,,,PEAKS DB
1,3578245,TRINITY_DN172_c0_g1_i1:322-8937(+),K.NQFETEINITK.T,Y,76.85,1335.6670,11,3.6,668.8432,2,39.53,6.1647E6,1,16878,FK-HNcP-clin-S01_171025053022.raw,1,1,1364,1374,,,PEAKS DB
1,3578245,TRINITY_DN172_c0_g1_i1:322-8937(+),K.SVEEVASEIQPFLR.G,Y,76.71,1602.8253,14,0.3,535.2825,3,55.27,4.6733E6,1,26991,FK-HNcP-clin-S01_171025053022.raw,1,1,2000,2013,,,PEAKS DB
1,3578245,TRINITY_DN172_c0_g1_i1:322-8937(+),R.NKYETEINITK.T,Y,76.12,1351.6984,11,1.1,676.8572,2,28.74,3.6914E6,1,9917,FK-HNcP-clin-S01_171025053022.raw,1,1,1208,1218,,,PEAKS DB
1,3578245,TRINITY_DN172_c0_g1_i1:322-8937(+),K.SVEEVASEIQ(+.98)PFLR.G,Y,75.98,1603.8093,14,-1.3,802.9109,2,57.80,1.2931E6,1,28601,FK-HNcP-clin-S01_171025053022.raw,1,1,2000,2013,Deamidation (NQ),Q10:Deamidation (NQ):1000.00,PEAKS DB
1,3578245,TRINITY_DN172_c0_g1_i1:322-8937(+),K.DYELQLASYTSGLETLLNIPIK.R,Y,75.68,2480.3049,22,2.3,827.7775,3,76.63,1.7949E5,1,40104,FK-HNcP-clin-S01_171025053022.raw,1,1,960,981,,,PEAKS DB
1,3578245,TRINITY_DN172_c0_g1_i1:322-8937(+),R.LTEEETVC(+57.02)LDLDK.V,Y,74.55,1563.7338,13,1.2,782.8751,2,42.86,9.7394E6,1,19034,FK-HNcP-clin-S01_171025053022.raw,1,1,791,803,Carbamidomethylation,C8:Carbamidomethylation:1000.00,PEAKS DB
1,3578245,TRINITY_DN172_c0_g1_i1:322-8937(+),K.EHLMLEEELR.N,Y,74.54,1297.6335,10,1.8,433.5526,3,37.51,3.9697E6,1,15567,FK-HNcP-clin-S01_171025053022.raw,1,1,1716,1725,,,PEAKS DB
1,3578245,TRINITY_DN172_c0_g1_i1:322-8937(+),R.ALLQ(+.98)AILQTEDM(+15.99)LK.V,Y,74.41,1602.8539,14,1.4,802.4354,2,59.66,8.0964E5,1,29786,FK-HNcP-clin-S01_171025053022.raw,1,1,772,785,Deamidation (NQ); Oxidation (M),Q4:Deamidation (NQ):109.97;M12:Oxidation (M):1000.00,PEAKS DB
1,3578245,TRINITY_DN172_c0_g1_i1:322-8937(+),K.ITNLTQQLEQ(+.98)ASIVK.K,Y,74.32,1685.9199,15,-1.5,843.9659,2,49.61,6.1208E5,1,23376,FK-HNcP-clin-S01_171025053022.raw,1,1,1612,1626,Deamidation (NQ),Q10:Deamidation (NQ):29.32,PEAKS DB
1,3578245,TRINITY_DN172_c0_g1_i1:322-8937(+),R.ETQ(+.98)TEC(+57.02)EWTVDTSK.L,Y,74.26,1713.7040,14,-1.9,857.8577,2,35.65,4.1493E5,1,14356,FK-HNcP-clin-S01_171025053022.raw,1,1,1952,1965,Deamidation (NQ); Carbamidomethylation,Q3:Deamidation (NQ):1000.00;C6:Carbamidomethylation:1000.00,PEAKS DB
1,3578245,TRINITY_DN172_c0_g1_i1:322-8937(+),K.VTAMQLYEC(+57.02)Q(+.98)LIDK.T,Y,74.01,1711.8160,14,1.1,856.9162,2,51.97,6.1589E5,1,24888,FK-HNcP-clin-S01_171025053022.raw,1,1,1975,1988,Carbamidomethylation; Deamidation (NQ),C9:Carbamidomethylation:1000.00;Q10:Deamidation (NQ):55.60,PEAKS DB
1,3578245,TRINITY_DN172_c0_g1_i1:322-8937(+),K.TIADLELHYQEFIR.N,Y,73.39,1746.8940,14,1.6,583.3062,3,51.69,1.682E7,1,24703,FK-HNcP-clin-S01_171025053022.raw,1,1,579,592,,,PEAKS DB
1,3578245,TRINITY_DN172_c0_g1_i1:322-8937(+),R.VLLQEEGTR.K,Y,72.91,1043.5610,9,0.3,522.7880,2,28.44,6.2686E7,1,9719,FK-HNcP-clin-S01_171025053022.raw,1,1,1176,1184,,,PEAKS DB
1,3578245,TRINITY_DN172_c0_g1_i1:322-8937(+),R.HQNQNTIQELLQNC(+57.02)SDC(+57.02)LMR.A,Y,72.33,2501.1211,20,1.3,834.7154,3,50.45,1.1353E6,1,23910,FK-HNcP-clin-S01_171025053022.raw,1,1,65,84,Carbamidomethylation,C14:Carbamidomethylation:1000.00;C17:Carbamidomethylation:1000.00,PEAKS DB
1,3578245,TRINITY_DN172_c0_g1_i1:322-8937(+),K.KLISPESTVMLLEAQAATGGIIDPHR.N,Y,72.32,2746.4688,26,4.1,687.6273,4,56.07,9.165E5,1,27500,FK-HNcP-clin-S01_171025053022.raw,1,1,2038,2063,,,PEAKS DB
1,3578245,TRINITY_DN172_c0_g1_i1:322-8937(+),R.NHYNEEMSNLR.N,Y,72.24,1405.6045,11,-0.2,469.5420,3,25.47,8.1645E6,1,7804,FK-HNcP-clin-S01_171025053022.raw,2,2,1197,1207,,,PEAKS DB
1,3578245,TRINITY_DN172_c0_g1_i1:322-8937(+),K.YGDGIQLTR.S,Y,72.13,1021.5192,9,-2.7,511.7655,2,33.70,1.7164E7,1,13078,FK-HNcP-clin-S01_171025053022.raw,2,2,95,103,,,PEAKS DB
1,3578245,TRINITY_DN172_c0_g1_i1:322-8937(+),R.LN(+.98)DSILQATEQR.R,Y,72.11,1387.6943,12,0.2,694.8546,2,43.09,5.6605E5,1,19187,FK-HNcP-clin-S01_171025053022.raw,1,1,1256,1267,Deamidation (NQ),N2:Deamidation (NQ):111.23,PEAKS DB
1,3578245,TRINITY_DN172_c0_g1_i1:322-8937(+),K.AQQ(+.98)IHSQTSQQ(+.98)YPLYDLDLGK.F,Y,72.09,2434.1653,21,-0.3,812.3954,3,45.48,0,1,20726,FK-HNcP-clin-S01_171025053022.raw,0,0,835,855,Deamidation (NQ),Q3:Deamidation (NQ):12.28;Q11:Deamidation (NQ):12.28,PEAKS DB
1,3578245,TRINITY_DN172_c0_g1_i1:322-8937(+),K.FGDSNTVMR.F,Y,71.09,1025.4600,9,1.8,513.7382,2,28.32,1.6599E7,1,9640,FK-HNcP-clin-S01_171025053022.raw,1,1,917,925,,,PEAKS DB
1,3578245,TRINITY_DN172_c0_g1_i1:322-8937(+),R.AEM(+15.99)DMVAWGVDLASVEQHINSHR.G,Y,71.06,2610.1956,23,2.9,653.5580,4,53.68,2.8343E6,1,25979,FK-HNcP-clin-S01_171025053022.raw,1,1,200,222,Oxidation (M),M3:Oxidation (M):7.32,PEAKS DB
1,3578245,TRINITY_DN172_c0_g1_i1:322-8937(+),K.AITGFDDPFSGK.T,Y,70.96,1253.5928,12,1.3,627.8045,2,47.29,2.3526E7,1,21884,FK-HNcP-clin-S01_171025053022.raw,2,2,2092,2103,,,PEAKS DB
1,3578245,TRINITY_DN172_c0_g1_i1:322-8937(+),R.HQNQNTIQELLQNC(+57.02)SDC(+57.02)LM(+15.99)R.A,Y,70.43,2517.1160,20,3.4,840.0488,3,46.65,9.3124E5,1,21472,FK-HNcP-clin-S01_171025053022.raw,1,1,65,84,Carbamidomethylation; Oxidation (M),C14:Carbamidomethylation:1000.00;C17:Carbamidomethylation:1000.00;M19:Oxidation (M):1000.00,PEAKS DB
1,3578245,TRINITY_DN172_c0_g1_i1:322-8937(+),K.SVQNDSQ(+.98)AIAEVLNQLK.D,Y,70.42,1856.9479,17,1.8,619.9910,3,59.83,1.2679E6,1,29896,FK-HNcP-clin-S01_171025053022.raw,1,1,711,727,Deamidation (NQ),Q7:Deamidation (NQ):0.00,PEAKS DB
1,3578245,TRINITY_DN172_c0_g1_i1:322-8937(+),K.GLPSPYNM(+15.99)SSAPGSR.S,Y,69.90,1535.7039,15,0.6,768.8597,2,32.94,1.2494E6,1,12597,FK-HNcP-clin-S01_171025053022.raw,1,1,2812,2826,Oxidation (M),M8:Oxidation (M):1000.00,PEAKS DB
1,3578245,TRINITY_DN172_c0_g1_i1:322-8937(+),K.SVQN(+.98)DSQAIAEVLNQLK.D,Y,69.39,1856.9479,17,0.2,619.9901,3,62.60,0,1,31656,FK-HNcP-clin-S01_171025053022.raw,0,0,711,727,Deamidation (NQ),N4:Deamidation (NQ):0.00,PEAKS DB
1,3578245,TRINITY_DN172_c0_g1_i1:322-8937(+),R.LLEAQAC(+57.02)TGGIIHPTTGQ(+.98)K.L,Y,69.21,1995.0095,19,1.3,666.0113,3,35.23,0,1,14082,FK-HNcP-clin-S01_171025053022.raw,0,0,2650,2668,Carbamidomethylation; Deamidation (NQ),C7:Carbamidomethylation:1000.00;Q18:Deamidation (NQ):55.00,PEAKS DB
1,3578245,TRINITY_DN172_c0_g1_i1:322-8937(+),R.LTEEETVC(+57.02)LDLDKVEAYR.C,Y,69.17,2182.0464,18,-1.6,728.3549,3,48.64,2.7273E6,1,22751,FK-HNcP-clin-S01_171025053022.raw,1,1,791,808,Carbamidomethylation,C8:Carbamidomethylation:1000.00,PEAKS DB
1,3578245,TRINITY_DN172_c0_g1_i1:322-8937(+),K.NFVDPVTK.K,Y,68.45,918.4811,8,-0.1,460.2478,2,32.42,2.0858E7,1,12253,FK-HNcP-clin-S01_171025053022.raw,1,1,2171,2178,,,PEAKS DB
1,3578245,TRINITY_DN172_c0_g1_i1:322-8937(+),K.NM(+15.99)PLQHLLEQIK.E,Y,68.01,1478.7915,12,3.4,493.9395,3,44.82,8.3647E6,1,20300,FK-HNcP-clin-S01_171025053022.raw,1,1,408,419,Oxidation (M),M2:Oxidation (M):1000.00,PEAKS DB
1,3578245,TRINITY_DN172_c0_g1_i1:322-8937(+),R.SMSFQGIR.Q,Y,67.72,924.4487,8,0.2,463.2318,2,35.10,4.54E6,1,13999,FK-HNcP-clin-S01_171025053022.raw,1,1,2207,2214,,,PEAKS DB
1,3578245,TRINITY_DN172_c0_g1_i1:322-8937(+),R.ELDEC(+57.02)FAQAN(+.98)DQMEILDSLIR.E,Y,67.57,2510.1304,21,-4.2,837.7139,3,67.99,1.0409E5,1,35060,FK-HNcP-clin-S01_171025053022.raw,1,1,106,126,Carbamidomethylation; Deamidation (NQ),C5:Carbamidomethylation:1000.00;N10:Deamidation (NQ):0.00,PEAKS DB
1,3578245,TRINITY_DN172_c0_g1_i1:322-8937(+),R.QMGQPC(+57.02)DAYQK.R,Y,67.02,1324.5540,11,-1.9,663.2830,2,24.74,6.4676E5,1,7332,FK-HNcP-clin-S01_171025053022.raw,1,1,130,140,Carbamidomethylation,C6:Carbamidomethylation:1000.00,PEAKS DB
1,3578245,TRINITY_DN172_c0_g1_i1:322-8937(+),K.LISPESTVMLLEAQAATGGIIDPHR.N,Y,66.97,2618.3738,25,2.4,873.8007,3,62.23,9.2399E6,1,31418,FK-HNcP-clin-S01_171025053022.raw,2,2,2039,2063,,,PEAKS DB
1,3578245,TRINITY_DN172_c0_g1_i1:322-8937(+),R.LLEAQ(+.98)IASGGVVDPVNSVFLPK.D,Y,66.92,2253.2256,22,2.7,752.0845,3,60.37,3.5635E5,1,30237,FK-HNcP-clin-S01_171025053022.raw,1,1,2124,2145,Deamidation (NQ),Q5:Deamidation (NQ):71.87,PEAKS DB
1,3578245,TRINITY_DN172_c0_g1_i1:322-8937(+),K.IGLVRPGTALELLEAQAATGFIVDPVSNLR.L,Y,66.62,3119.7341,30,4.0,1040.9229,3,67.33,1.8489E6,1,34639,FK-HNcP-clin-S01_171025053022.raw,1,1,2280,2309,,,PEAKS DB
1,3578245,TRINITY_DN172_c0_g1_i1:322-8937(+),R.LLQLQEQMR.A,Y,66.24,1157.6227,9,0.7,579.8190,2,38.00,1.0601E7,1,15884,FK-HNcP-clin-S01_171025053022.raw,1,1,142,150,,,PEAKS DB
1,3578245,TRINITY_DN172_c0_g1_i1:322-8937(+),R.QLQNIIQ(+.98)ATSR.E,Y,66.23,1271.6833,11,0.2,636.8491,2,58.83,4.5987E5,1,29259,FK-HNcP-clin-S01_171025053022.raw,1,1,271,281,Deamidation (NQ),Q7:Deamidation (NQ):47.09,PEAKS DB
1,3578245,TRINITY_DN172_c0_g1_i1:322-8937(+),K.HVTSEC(+57.02)LGWMR.Q,Y,66.17,1374.6173,11,1.5,459.2137,3,34.65,2.8318E6,1,13703,FK-HNcP-clin-S01_171025053022.raw,1,1,186,196,Carbamidomethylation,C6:Carbamidomethylation:1000.00,PEAKS DB
1,3578245,TRINITY_DN172_c0_g1_i1:322-8937(+),K.GLIDYETFK.E,Y,65.63,1084.5441,9,1.7,543.2802,2,45.26,1.4472E7,1,20585,FK-HNcP-clin-S01_171025053022.raw,1,1,2486,2494,,,PEAKS DB
1,3578245,TRINITY_DN172_c0_g1_i1:322-8937(+),R.AELIVQPELK.Y,Y,65.55,1138.6597,10,1.4,570.3379,2,41.21,1.8535E7,1,17967,FK-HNcP-clin-S01_171025053022.raw,1,1,85,94,,,PEAKS DB
1,3578245,TRINITY_DN172_c0_g1_i1:322-8937(+),R.GAGSIAGASASPK.E,Y,65.46,1072.5513,13,-2.3,537.2817,2,21.58,4.6262E6,1,5308,FK-HNcP-clin-S01_171025053022.raw,1,1,2014,2026,,,PEAKS DB
1,3578245,TRINITY_DN172_c0_g1_i1:322-8937(+),R.AEMDM(+15.99)VAWGVDLASVEQHINSHR.G,Y,65.28,2610.1956,23,1.3,653.5570,4,51.97,1.3277E6,1,24889,FK-HNcP-clin-S01_171025053022.raw,1,1,200,222,Oxidation (M),M5:Oxidation (M):0.00,PEAKS DB
1,3578245,TRINITY_DN172_c0_g1_i1:322-8937(+),K.KLEEELEGMR.R,Y,65.05,1232.6071,10,0.3,411.8764,3,31.57,8.5824E6,1,11778,FK-HNcP-clin-S01_171025053022.raw,2,2,1593,1602,,,PEAKS DB
1,3578245,TRINITY_DN172_c0_g1_i1:322-8937(+),K.IQSQFTDAQK.H,Y,64.76,1164.5775,10,-0.3,583.2958,2,25.62,2.5559E7,1,7901,FK-HNcP-clin-S01_171025053022.raw,1,1,608,617,,,PEAKS DB
1,3578245,TRINITY_DN172_c0_g1_i1:322-8937(+),K.GLPSPYNMSSAPGSR.S,Y,64.74,1519.7089,15,3.1,760.8641,2,38.99,2.5433E5,1,16530,FK-HNcP-clin-S01_171025053022.raw,1,1,2812,2826,,,PEAKS DB
1,3578245,TRINITY_DN172_c0_g1_i1:322-8937(+),R.RVVIVDPETNK.E,Y,64.31,1268.7089,11,1.3,423.9108,3,26.74,5.1139E6,1,8632,FK-HNcP-clin-S01_171025053022.raw,2,2,2465,2475,,,PEAKS DB
1,3578245,TRINITY_DN172_c0_g1_i1:322-8937(+),R.LTYEIEDEK.R,Y,64.26,1138.5393,9,1.6,570.2778,2,33.28,2.8248E7,1,12818,FK-HNcP-clin-S01_171025053022.raw,1,1,1114,1122,,,PEAKS DB
1,3578245,TRINITY_DN172_c0_g1_i1:322-8937(+),R.ENDKQETWMLMELQK.I,Y,64.18,1921.8914,15,1.2,641.6385,3,47.22,1.0689E6,1,21838,FK-HNcP-clin-S01_171025053022.raw,1,1,660,674,,,PEAKS DB
1,3578245,TRINITY_DN172_c0_g1_i1:322-8937(+),K.NATILELR.S,Y,64.07,928.5342,8,1.4,465.2750,2,39.36,1.1961E7,1,16766,FK-HNcP-clin-S01_171025053022.raw,1,1,1746,1753,,,PEAKS DB
1,3578245,TRINITY_DN172_c0_g1_i1:322-8937(+),R.N(+.98)NYDEEIISLK.N,Y,63.44,1337.6350,11,1.5,669.8258,2,47.30,8.1824E5,1,21893,FK-HNcP-clin-S01_171025053022.raw,1,1,1353,1363,Deamidation (NQ),N1:Deamidation (NQ):0.00,PEAKS DB
1,3578245,TRINITY_DN172_c0_g1_i1:322-8937(+),K.EHLM(+15.99)LEEELR.N,Y,63.44,1313.6285,10,1.9,438.8843,3,34.19,5.4534E6,1,13401,FK-HNcP-clin-S01_171025053022.raw,1,1,1716,1725,Oxidation (M),M4:Oxidation (M):1000.00,PEAKS DB
1,3578245,TRINITY_DN172_c0_g1_i1:322-8937(+),K.AFIGFEGVK.G,Y,62.69,966.5174,9,1.0,484.2664,2,43.83,1.2458E7,1,19662,FK-HNcP-clin-S01_171025053022.raw,1,1,2694,2702,,,PEAKS DB
1,3578245,TRINITY_DN172_c0_g1_i1:322-8937(+),R.GIHNSIGDYR.W,Y,62.50,1130.5469,10,0.4,377.8564,3,24.21,1.882E7,1,6987,FK-HNcP-clin-S01_171025053022.raw,1,1,223,232,,,PEAKS DB
1,3578245,TRINITY_DN172_c0_g1_i1:322-8937(+),K.NMPLQHLLEQIK.E,Y,62.42,1462.7966,12,1.5,488.6069,3,49.61,3.1107E6,1,23377,FK-HNcP-clin-S01_171025053022.raw,1,1,408,419,,,PEAKS DB
1,3578245,TRINITY_DN172_c0_g1_i1:322-8937(+),R.SMVEDITGLR.L,Y,61.85,1119.5594,10,2.4,560.7883,2,44.48,6.6991E6,1,20081,FK-HNcP-clin-S01_171025053022.raw,1,1,2792,2801,,,PEAKS DB
1,3578245,TRINITY_DN172_c0_g1_i1:322-8937(+),K.NTLTQTTENLR.R,Y,61.50,1289.6576,11,7.2,645.8407,2,31.68,4.9063E5,1,11849,FK-HNcP-clin-S01_171025053022.raw,1,1,1414,1424,,,PEAKS DB
1,3578245,TRINITY_DN172_c0_g1_i1:322-8937(+),K.LSLQDAVSQGVIDQDM(+15.99)ATR.L,Y,61.32,2062.0000,19,2.3,1032.0096,2,48.89,6.8083E5,1,22916,FK-HNcP-clin-S01_171025053022.raw,1,1,2669,2687,Oxidation (M),M16:Oxidation (M):1000.00,PEAKS DB
1,3578245,TRINITY_DN172_c0_g1_i1:322-8937(+),R.KIQSQFTDAQK.H,Y,61.20,1292.6725,11,0.6,431.8984,3,21.27,4.1703E5,1,5113,FK-HNcP-clin-S01_171025053022.raw,1,1,607,617,,,PEAKS DB
1,3578245,TRINITY_DN172_c0_g1_i1:322-8937(+),K.FLDQNLQK.Y,Y,61.18,1004.5291,8,1.9,503.2728,2,31.28,2.6631E7,1,11588,FK-HNcP-clin-S01_171025053022.raw,1,1,1057,1064,,,PEAKS DB
1,3578245,TRINITY_DN172_c0_g1_i1:322-8937(+),R.ETQSQLETER.S,Y,61.12,1219.5680,10,-3.0,610.7894,2,21.40,1.7142E6,1,5195,FK-HNcP-clin-S01_171025053022.raw,1,1,1923,1932,,,PEAKS DB
1,3578245,TRINITY_DN172_c0_g1_i1:322-8937(+),K.NQC(+57.02)TQVVQER.E,Y,61.01,1260.5881,10,-1.6,631.3004,2,21.45,4.8689E6,1,5226,FK-HNcP-clin-S01_171025053022.raw,1,1,1803,1812,Carbamidomethylation,C3:Carbamidomethylation:1000.00,PEAKS DB
1,3578245,TRINITY_DN172_c0_g1_i1:322-8937(+),R.GIHN(+.98)SIGDYR.W,Y,60.55,1131.5309,10,0.8,378.1845,3,26.87,6.1138E6,1,8713,FK-HNcP-clin-S01_171025053022.raw,3,3,223,232,Deamidation (NQ),N4:Deamidation (NQ):1000.00,PEAKS DB
1,3578245,TRINITY_DN172_c0_g1_i1:322-8937(+),K.YQAEC(+57.02)SQFK.A,Y,60.17,1159.4968,9,-0.3,580.7555,2,24.98,1.4797E7,1,7487,FK-HNcP-clin-S01_171025053022.raw,1,1,1065,1073,Carbamidomethylation,C5:Carbamidomethylation:1000.00,PEAKS DB
1,3578245,TRINITY_DN172_c0_g1_i1:322-8937(+),R.QLQNIIQATSR.E,Y,59.75,1270.6993,11,2.8,636.3587,2,56.52,2.0959E6,1,27787,FK-HNcP-clin-S01_171025053022.raw,1,1,271,281,,,PEAKS DB
1,3578245,TRINITY_DN172_c0_g1_i1:322-8937(+),K.FGDSNTVM(+15.99)R.F,Y,59.65,1041.4550,9,-3.9,521.7327,2,22.31,2.9222E6,1,5768,FK-HNcP-clin-S01_171025053022.raw,1,1,917,925,Oxidation (M),M8:Oxidation (M):1000.00,PEAKS DB
1,3578245,TRINITY_DN172_c0_g1_i1:322-8937(+),K.NQC(+57.02)TQVVQ(+.98)ER.E,Y,59.62,1261.5721,10,-2.8,631.7916,2,22.64,3.0273E6,1,5978,FK-HNcP-clin-S01_171025053022.raw,1,1,1803,1812,Carbamidomethylation; Deamidation (NQ),C3:Carbamidomethylation:1000.00;Q8:Deamidation (NQ):47.09,PEAKS DB
1,3578245,TRINITY_DN172_c0_g1_i1:322-8937(+),K.YETEINITK.T,Y,59.34,1109.5604,9,0.1,555.7875,2,33.48,4.4069E6,1,12946,FK-HNcP-clin-S01_171025053022.raw,1,1,1210,1218,,,PEAKS DB
1,3578245,TRINITY_DN172_c0_g1_i1:322-8937(+),R.LTYEIEDEKR.R,Y,59.22,1294.6405,10,1.1,648.3282,2,28.06,1.1598E7,1,9469,FK-HNcP-clin-S01_171025053022.raw,2,2,1114,1123,,,PEAKS DB
1,3578245,TRINITY_DN172_c0_g1_i1:322-8937(+),R.DVLDGHLR.E,Y,59.04,923.4824,8,-0.2,308.8347,3,30.46,1.6055E7,1,11044,FK-HNcP-clin-S01_171025053022.raw,1,1,1638,1645,,,PEAKS DB
1,3578245,TRINITY_DN172_c0_g1_i1:322-8937(+),R.KFFDQYR.S,Y,58.67,1002.4922,7,1.7,335.1719,3,29.80,3.9384E6,1,10614,FK-HNcP-clin-S01_171025053022.raw,1,1,2542,2548,,,PEAKS DB
1,3578245,TRINITY_DN172_c0_g1_i1:322-8937(+),K.YQ(+.98)AEC(+57.02)SQFK.A,Y,58.61,1160.4808,9,-4.1,581.2453,2,26.05,1.3457E6,1,8183,FK-HNcP-clin-S01_171025053022.raw,1,1,1065,1073,Deamidation (NQ); Carbamidomethylation,Q2:Deamidation (NQ):77.53;C5:Carbamidomethylation:1000.00,PEAKS DB
1,3578245,TRINITY_DN172_c0_g1_i1:322-8937(+),R.LPVEEAYK.R,Y,58.39,947.4963,8,1.3,474.7560,2,29.99,6.1986E7,1,10734,FK-HNcP-clin-S01_171025053022.raw,1,1,2310,2317,,,PEAKS DB
1,3578245,TRINITY_DN172_c0_g1_i1:322-8937(+),R.AELIVQ(+.98)PELK.Y,Y,58.15,1139.6438,10,1.6,570.8301,2,42.96,1.5944E6,1,19102,FK-HNcP-clin-S01_171025053022.raw,1,1,85,94,Deamidation (NQ),Q6:Deamidation (NQ):1000.00,PEAKS DB
1,3578245,TRINITY_DN172_c0_g1_i1:322-8937(+),K.EMSVQEAYK.K,Y,58.12,1083.4906,9,-1.0,542.7520,2,28.88,1.642E7,1,10007,FK-HNcP-clin-S01_171025053022.raw,1,1,2476,2484,,,PEAKS DB
1,3578245,TRINITY_DN172_c0_g1_i1:322-8937(+),R.SSSFSDTLEESSPIAAIFDTENLEK.I,Y,57.99,2716.2603,25,-0.1,906.4273,3,66.32,2.0482E6,1,34003,FK-HNcP-clin-S01_171025053022.raw,1,1,2606,2630,,,PEAKS DB
1,3578245,TRINITY_DN172_c0_g1_i1:322-8937(+),K.NDYDQLQK.A,Y,57.96,1022.4669,8,1.0,512.2412,2,25.10,2.7666E6,1,7565,FK-HNcP-clin-S01_171025053022.raw,1,1,1137,1144,,,PEAKS DB
1,3578245,TRINITY_DN172_c0_g1_i1:322-8937(+),K.DMLANFR.G,Y,57.94,865.4116,7,0.0,433.7131,2,42.99,7.8639E6,1,19116,FK-HNcP-clin-S01_171025053022.raw,1,1,728,734,,,PEAKS DB
1,3578245,TRINITY_DN172_c0_g1_i1:322-8937(+),R.LQSLTENLTK.E,Y,57.91,1145.6292,10,1.2,573.8225,2,34.59,2.0556E7,1,13659,FK-HNcP-clin-S01_171025053022.raw,1,1,1706,1715,,,PEAKS DB
1,3578245,TRINITY_DN172_c0_g1_i1:322-8937(+),R.LPVDIAYK.R,Y,57.63,917.5222,8,2.1,459.7693,2,38.86,2.2763E7,1,16445,FK-HNcP-clin-S01_171025053022.raw,1,1,2386,2393,,,PEAKS DB
1,3578245,TRINITY_DN172_c0_g1_i1:322-8937(+),R.RWEYENELSK.V,Y,57.60,1352.6360,10,0.9,677.3259,2,31.94,1.0243E6,1,12017,FK-HNcP-clin-S01_171025053022.raw,1,1,1341,1350,,,PEAKS DB
1,3578245,TRINITY_DN172_c0_g1_i1:322-8937(+),K.SLVSWHYC(+57.02)M(+15.99)IDIEK.I,Y,57.19,1795.8273,14,4.8,599.6193,3,45.07,1.3732E6,1,20463,FK-HNcP-clin-S01_171025053022.raw,1,1,546,559,Carbamidomethylation; Oxidation (M),C8:Carbamidomethylation:1000.00;M9:Oxidation (M):1000.00,PEAKS DB
1,3578245,TRINITY_DN172_c0_g1_i1:322-8937(+),R.LLQLQEQM(+15.99)R.A,Y,56.75,1173.6176,9,-1.3,587.8153,2,32.29,6.4942E6,1,12175,FK-HNcP-clin-S01_171025053022.raw,1,1,142,150,Oxidation (M),M8:Oxidation (M):1000.00,PEAKS DB
1,3578245,TRINITY_DN172_c0_g1_i1:322-8937(+),R.RLSSEVEALR.R,Y,56.46,1158.6356,10,1.2,387.2196,3,28.21,3.3494E6,1,9563,FK-HNcP-clin-S01_171025053022.raw,2,2,1656,1665,,,PEAKS DB
1,3578245,TRINITY_DN172_c0_g1_i1:322-8937(+),K.QQ(+.98)IQNDLNQWK.T,Y,56.19,1414.6841,11,6.5,708.3539,2,39.25,4.9038E5,1,16698,FK-HNcP-clin-S01_171025053022.raw,1,1,1858,1868,Deamidation (NQ),Q2:Deamidation (NQ):11.06,PEAKS DB
1,3578245,TRINITY_DN172_c0_g1_i1:322-8937(+),R.ETQ(+.98)SQLETER.S,Y,55.49,1220.5520,10,-1.3,611.2825,2,23.25,1.4865E6,1,6372,FK-HNcP-clin-S01_171025053022.raw,1,1,1923,1932,Deamidation (NQ),Q3:Deamidation (NQ):32.28,PEAKS DB
1,3578245,TRINITY_DN172_c0_g1_i1:322-8937(+),K.IEVLEEELR.L,Y,55.30,1128.6027,9,0.7,565.3090,2,42.58,2.5795E7,1,18857,FK-HNcP-clin-S01_171025053022.raw,2,2,1034,1042,,,PEAKS DB
1,3578245,TRINITY_DN172_c0_g1_i1:322-8937(+),K.WLPYEAGQR.F,Y,55.17,1118.5509,9,4.1,560.2850,2,38.39,3.2367E5,1,16139,FK-HNcP-clin-S01_171025053022.raw,1,1,2717,2725,,,PEAKS DB
1,3578245,TRINITY_DN172_c0_g1_i1:322-8937(+),K.LENIN(+.98)GVTDGYLN(+.98)SLC(+57.02)TVR.A,Y,55.10,2139.0154,19,0.4,1070.5154,2,54.87,2.5667E5,1,26737,FK-HNcP-clin-S01_171025053022.raw,1,1,753,771,Deamidation (NQ); Carbamidomethylation,N5:Deamidation (NQ):14.04;N13:Deamidation (NQ):17.16;C16:Carbamidomethylation:1000.00,PEAKS DB
1,3578245,TRINITY_DN172_c0_g1_i1:322-8937(+),K.NTLTQ(+.98)TTENLR.R,Y,55.05,1290.6416,11,2.2,646.3295,2,32.96,3.0342E6,1,12608,FK-HNcP-clin-S01_171025053022.raw,1,1,1414,1424,Deamidation (NQ),Q5:Deamidation (NQ):34.30,PEAKS DB
1,3578245,TRINITY_DN172_c0_g1_i1:322-8937(+),R.IEPHTGLLLLSVQK.R,Y,54.99,1546.9082,14,2.1,516.6444,3,44.16,9.8862E6,1,19874,FK-HNcP-clin-S01_171025053022.raw,1,1,2192,2205,,,PEAKS DB
1,3578245,TRINITY_DN172_c0_g1_i1:322-8937(+),K.DM(+15.99)LANFR.G,Y,54.78,881.4065,7,2.7,441.7117,2,33.21,6.4409E6,1,12772,FK-HNcP-clin-S01_171025053022.raw,1,1,728,734,Oxidation (M),M2:Oxidation (M):1000.00,PEAKS DB
1,3578245,TRINITY_DN172_c0_g1_i1:322-8937(+),R.QLQ(+.98)NIIQATSR.E,Y,54.33,1271.6833,11,3.4,636.8511,2,39.01,4.021E6,1,16543,FK-HNcP-clin-S01_171025053022.raw,1,1,271,281,Deamidation (NQ),Q3:Deamidation (NQ):32.28,PEAKS DB
1,3578245,TRINITY_DN172_c0_g1_i1:322-8937(+),K.HVTSEC(+57.02)LGWM(+15.99)R.Q,Y,54.28,1390.6122,11,1.7,464.5455,3,29.39,3.5038E6,1,10340,FK-HNcP-clin-S01_171025053022.raw,2,2,186,196,Carbamidomethylation; Oxidation (M),C6:Carbamidomethylation:1000.00;M10:Oxidation (M):1000.00,PEAKS DB
1,3578245,TRINITY_DN172_c0_g1_i1:322-8937(+),R.VQYDLQK.A,Y,54.17,892.4654,7,0.6,447.2402,2,26.40,8.6989E6,1,8405,FK-HNcP-clin-S01_171025053022.raw,1,1,1510,1516,,,PEAKS DB
1,3578245,TRINITY_DN172_c0_g1_i1:322-8937(+),K.N(+.98)QC(+57.02)TQVVQER.E,Y,54.08,1261.5721,10,-0.6,631.7930,2,23.00,1.553E6,1,6212,FK-HNcP-clin-S01_171025053022.raw,1,1,1803,1812,Deamidation (NQ); Carbamidomethylation,N1:Deamidation (NQ):0.00;C3:Carbamidomethylation:1000.00,PEAKS DB
1,3578245,TRINITY_DN172_c0_g1_i1:322-8937(+),R.LKAEFQEEAK.R,Y,53.59,1191.6135,10,-0.1,398.2117,3,23.41,3.0968E6,1,6475,FK-HNcP-clin-S01_171025053022.raw,1,1,1330,1339,,,PEAKS DB
1,3578245,TRINITY_DN172_c0_g1_i1:322-8937(+),R.Q(+.98)LQNIIQATSR.E,Y,53.55,1271.6833,11,1.8,636.8501,2,58.08,1.4117E5,1,28784,FK-HNcP-clin-S01_171025053022.raw,1,1,271,281,Deamidation (NQ),Q1:Deamidation (NQ):0.00,PEAKS DB
1,3578245,TRINITY_DN172_c0_g1_i1:322-8937(+),K.TTIHQLTM(+15.99)Q(+.98)K.E,Y,53.55,1216.6122,10,-2.2,406.5438,3,22.54,7.121E5,1,5917,FK-HNcP-clin-S01_171025053022.raw,1,1,1375,1384,Oxidation (M); Deamidation (NQ),M8:Oxidation (M):1000.00;Q9:Deamidation (NQ):24.67,PEAKS DB
1,3578245,TRINITY_DN172_c0_g1_i1:322-8937(+),K.TTIHQLTM(+15.99)QK.E,Y,53.47,1215.6282,10,-1.8,406.2159,3,21.49,1.6175E6,1,5246,FK-HNcP-clin-S01_171025053022.raw,1,1,1375,1384,Oxidation (M),M8:Oxidation (M):1000.00,PEAKS DB
1,3578245,TRINITY_DN172_c0_g1_i1:322-8937(+),K.YQAEC(+57.02)SQ(+.98)FK.A,Y,53.46,1160.4808,9,-0.2,581.2476,2,26.55,2.7307E6,1,8506,FK-HNcP-clin-S01_171025053022.raw,1,1,1065,1073,Carbamidomethylation; Deamidation (NQ),C5:Carbamidomethylation:1000.00;Q7:Deamidation (NQ):65.44,PEAKS DB
1,3578245,TRINITY_DN172_c0_g1_i1:322-8937(+),R.DLIDFDDR.Q,Y,53.43,1007.4559,8,-0.5,504.7350,2,47.45,2.2074E7,1,21988,FK-HNcP-clin-S01_171025053022.raw,1,1,2076,2083,,,PEAKS DB
1,3578245,TRINITY_DN172_c0_g1_i1:322-8937(+),R.QMGQ(+.98)PC(+57.02)DAYQK.R,Y,53.25,1325.5380,11,-1.6,663.7752,2,25.66,4.2845E5,1,7927,FK-HNcP-clin-S01_171025053022.raw,1,1,130,140,Deamidation (NQ); Carbamidomethylation,Q4:Deamidation (NQ):13.03;C6:Carbamidomethylation:1000.00,PEAKS DB
1,3578245,TRINITY_DN172_c0_g1_i1:322-8937(+),R.QLLQEQESVK.Q,Y,52.75,1200.6350,10,-3.5,601.3227,2,28.86,4.4281E6,1,9994,FK-HNcP-clin-S01_171025053022.raw,1,1,1667,1676,,,PEAKS DB
1,3578245,TRINITY_DN172_c0_g1_i1:322-8937(+),R.GLVGIEFK.E,Y,52.71,861.4960,8,-0.2,431.7552,2,43.41,1.4198E7,1,19389,FK-HNcP-clin-S01_171025053022.raw,1,1,2319,2326,,,PEAKS DB
1,3578245,TRINITY_DN172_c0_g1_i1:322-8937(+),K.N(+.98)FVDPVTK.K,Y,52.46,919.4651,8,0.2,460.7399,2,40.38,1.0156E6,1,17429,FK-HNcP-clin-S01_171025053022.raw,2,2,2171,2178,Deamidation (NQ),N1:Deamidation (NQ):1000.00,PEAKS DB
1,3578245,TRINITY_DN172_c0_g1_i1:322-8937(+),R.LLQ(+.98)LQEQMR.A,Y,51.06,1158.6067,9,3.3,580.3126,2,39.56,1.2466E6,1,16897,FK-HNcP-clin-S01_171025053022.raw,1,1,142,150,Deamidation (NQ),Q3:Deamidation (NQ):45.01,PEAKS DB
1,3578245,TRINITY_DN172_c0_g1_i1:322-8937(+),K.KLEEELEGM(+15.99)R.R,Y,50.63,1248.6019,10,0.5,417.2081,3,25.22,2.4647E6,1,7645,FK-HNcP-clin-S01_171025053022.raw,1,1,1593,1602,Oxidation (M),M9:Oxidation (M):1000.00,PEAKS DB
1,3578245,TRINITY_DN172_c0_g1_i1:322-8937(+),K.QESDQLVLNQHPASDK.I,Y,50.17,1807.8700,16,0.6,603.6310,3,28.09,1.5748E7,1,9488,FK-HNcP-clin-S01_171025053022.raw,1,1,331,346,,,PEAKS DB
1,3578245,TRINITY_DN172_c0_g1_i1:322-8937(+),R.LSSEVEALR.R,Y,50.08,1002.5345,9,1.6,502.2754,2,31.84,2.6841E7,1,11950,FK-HNcP-clin-S01_171025053022.raw,1,1,1657,1665,,,PEAKS DB
1,3578245,TRINITY_DN172_c0_g1_i1:322-8937(+),R.ELDEC(+57.02)FAQAN(+.98)DQM(+15.99)EILDSLIR.E,Y,49.22,2526.1255,21,2.6,843.0513,3,62.64,3.0019E5,1,31680,FK-HNcP-clin-S01_171025053022.raw,1,1,106,126,Carbamidomethylation; Deamidation (NQ); Oxidation (M),C5:Carbamidomethylation:1000.00;N10:Deamidation (NQ):0.00;M13:Oxidation (M):1000.00,PEAKS DB
1,3578245,TRINITY_DN172_c0_g1_i1:322-8937(+),R.LLEAASVSSK.G,Y,48.99,1003.5549,10,1.7,502.7856,2,28.14,2.3708E7,1,9519,FK-HNcP-clin-S01_171025053022.raw,1,1,2802,2811,,,PEAKS DB
1,3578245,TRINITY_DN172_c0_g1_i1:322-8937(+),K.LGIYEAMK.I,Y,48.96,923.4786,8,2.2,462.7476,2,37.95,1.4211E7,1,15852,FK-HNcP-clin-S01_171025053022.raw,1,1,2272,2279,,,PEAKS DB
1,3578245,TRINITY_DN172_c0_g1_i1:322-8937(+),K.LGIYEAM(+15.99)K.I,Y,48.66,939.4735,8,0.4,470.7442,2,30.66,1.0348E7,1,11176,FK-HNcP-clin-S01_171025053022.raw,1,1,2272,2279,Oxidation (M),M7:Oxidation (M):1000.00,PEAKS DB
1,3578245,TRINITY_DN172_c0_g1_i1:322-8937(+),R.LLQLQEQ(+.98)MR.A,Y,48.53,1158.6067,9,1.8,580.3116,2,40.04,1.564E6,1,17210,FK-HNcP-clin-S01_171025053022.raw,1,1,142,150,Deamidation (NQ),Q7:Deamidation (NQ):26.31,PEAKS DB
1,3578245,TRINITY_DN172_c0_g1_i1:322-8937(+),R.FLEFQ(+.98)YLTGGLVDPEVHGR.I,Y,48.09,2177.0793,19,2.1,726.7019,3,58.02,4.7298E5,1,28745,FK-HNcP-clin-S01_171025053022.raw,1,1,2726,2744,Deamidation (NQ),Q5:Deamidation (NQ):1000.00,PEAKS DB
1,3578245,TRINITY_DN172_c0_g1_i1:322-8937(+),R.KQQLEVELR.Q,Y,48.02,1141.6455,9,0.2,381.5558,3,28.02,9.7026E6,1,9441,FK-HNcP-clin-S01_171025053022.raw,1,1,1444,1452,,,PEAKS DB
1,3578245,TRINITY_DN172_c0_g1_i1:322-8937(+),R.EYENELAK.V,Y,47.31,994.4607,8,0.2,498.2377,2,25.29,9.9664E6,1,7692,FK-HNcP-clin-S01_171025053022.raw,1,1,1187,1194,,,PEAKS DB
1,3578245,TRINITY_DN172_c0_g1_i1:322-8937(+),R.QPVTVTELVDSGILRPSTVNELESGQISYDEVGER.I,Y,47.15,3815.9065,35,4.9,1272.9823,3,67.74,1.2612E6,1,34897,FK-HNcP-clin-S01_171025053022.raw,1,1,2215,2249,,,PEAKS DB
1,3578245,TRINITY_DN172_c0_g1_i1:322-8937(+),R.DLKDEIVR.L,Y,47.12,986.5396,8,1.0,329.8541,3,31.96,5.4265E6,1,12032,FK-HNcP-clin-S01_171025053022.raw,1,1,1248,1255,,,PEAKS DB
1,3578245,TRINITY_DN172_c0_g1_i1:322-8937(+),K.N(+.98)ATILELR.S,Y,46.41,929.5182,8,0.7,465.7667,2,44.73,4.1513E5,1,20244,FK-HNcP-clin-S01_171025053022.raw,1,1,1746,1753,Deamidation (NQ),N1:Deamidation (NQ):1000.00,PEAKS DB
1,3578245,TRINITY_DN172_c0_g1_i1:322-8937(+),K.ISTISSVR.N,Y,46.07,861.4919,8,0.5,431.7535,2,25.96,2.4139E7,1,8118,FK-HNcP-clin-S01_171025053022.raw,1,1,2593,2600,,,PEAKS DB
1,3578245,TRINITY_DN172_c0_g1_i1:322-8937(+),K.IQSQ(+.98)FTDAQK.H,Y,45.71,1165.5615,10,1.7,583.7890,2,26.98,5.856E6,1,8788,FK-HNcP-clin-S01_171025053022.raw,1,1,608,617,Deamidation (NQ),Q4:Deamidation (NQ):32.16,PEAKS DB
1,3578245,TRINITY_DN172_c0_g1_i1:322-8937(+),R.SQ(+.98)LQISNNR.T,Y,45.55,1059.5309,9,0.6,530.7730,2,25.45,7.2384E5,1,7792,FK-HNcP-clin-S01_171025053022.raw,1,1,1754,1762,Deamidation (NQ),Q2:Deamidation (NQ):56.86,PEAKS DB
1,3578245,TRINITY_DN172_c0_g1_i1:322-8937(+),K.FGDSN(+.98)TVM(+15.99)R.F,Y,45.51,1042.4390,9,3.3,522.2285,2,24.04,7.6807E5,1,6880,FK-HNcP-clin-S01_171025053022.raw,1,1,917,925,Deamidation (NQ); Oxidation (M),N5:Deamidation (NQ):1000.00;M8:Oxidation (M):1000.00,PEAKS DB
1,3578245,TRINITY_DN172_c0_g1_i1:322-8937(+),K.YSLVEAK.R,Y,45.42,808.4330,7,0.6,405.2241,2,29.04,4.5698E7,1,10113,FK-HNcP-clin-S01_171025053022.raw,1,1,2029,2035,,,PEAKS DB
1,3578245,TRINITY_DN172_c0_g1_i1:322-8937(+),K.TTIHQ(+.98)LTM(+15.99)QK.E,Y,45.38,1216.6122,10,-2.0,406.5439,3,23.18,6.4782E5,1,6325,FK-HNcP-clin-S01_171025053022.raw,1,1,1375,1384,Deamidation (NQ); Oxidation (M),Q5:Deamidation (NQ):25.70;M8:Oxidation (M):1000.00,PEAKS DB
1,3578245,TRINITY_DN172_c0_g1_i1:322-8937(+),R.SQLQ(+.98)ISNNR.T,Y,45.29,1059.5309,9,2.5,530.7740,2,24.91,3.6034E5,1,7442,FK-HNcP-clin-S01_171025053022.raw,1,1,1754,1762,Deamidation (NQ),Q4:Deamidation (NQ):28.36,PEAKS DB
1,3578245,TRINITY_DN172_c0_g1_i1:322-8937(+),K.N(+.98)DYDQLQK.A,Y,44.59,1023.4509,8,2.8,512.7341,2,30.76,0,1,11243,FK-HNcP-clin-S01_171025053022.raw,0,0,1137,1144,Deamidation (NQ),N1:Deamidation (NQ):47.31,PEAKS DB
1,3578245,TRINITY_DN172_c0_g1_i1:322-8937(+),K.VSYVQLK.E,Y,44.38,835.4803,7,2.2,418.7484,2,31.16,2.2734E7,1,11508,FK-HNcP-clin-S01_171025053022.raw,1,1,2181,2187,,,PEAKS DB
1,3578245,TRINITY_DN172_c0_g1_i1:322-8937(+),K.LASLEELKR.Q,Y,43.83,1057.6132,9,0.8,353.5453,3,30.38,3.2158E7,1,10993,FK-HNcP-clin-S01_171025053022.raw,2,2,1076,1084,,,PEAKS DB
1,3578245,TRINITY_DN172_c0_g1_i1:322-8937(+),R.AQIDNLTR.E,Y,43.23,929.4930,8,-0.2,465.7537,2,27.02,1.7008E7,1,8813,FK-HNcP-clin-S01_171025053022.raw,1,1,1393,1400,,,PEAKS DB
1,3578245,TRINITY_DN172_c0_g1_i1:322-8937(+),R.YIELLTR.S,Y,43.02,906.5175,7,1.4,454.2666,2,41.13,2.1966E7,1,17917,FK-HNcP-clin-S01_171025053022.raw,1,1,1003,1009,,,PEAKS DB
1,3578245,TRINITY_DN172_c0_g1_i1:322-8937(+),K.SLLATMK.T,Y,42.50,762.4310,7,1.1,382.2232,2,32.93,1.6331E7,1,12590,FK-HNcP-clin-S01_171025053022.raw,1,1,823,829,,,PEAKS DB
1,3578245,TRINITY_DN172_c0_g1_i1:322-8937(+),K.LASLEELK.R,Y,42.41,901.5120,8,1.9,451.7642,2,36.44,1.0489E7,1,14873,FK-HNcP-clin-S01_171025053022.raw,1,1,1076,1083,,,PEAKS DB
1,3578245,TRINITY_DN172_c0_g1_i1:322-8937(+),K.IKNDLNLK.K,Y,41.93,956.5654,8,-1.0,319.8621,3,23.15,1.6332E6,1,6310,FK-HNcP-clin-S01_171025053022.raw,2,2,814,821,,,PEAKS DB
1,3578245,TRINITY_DN172_c0_g1_i1:322-8937(+),R.VLLQ(+.98)EEGTR.K,Y,41.30,1044.5452,9,4.1,523.2820,2,30.06,9.689E6,1,10786,FK-HNcP-clin-S01_171025053022.raw,1,1,1176,1184,Deamidation (NQ),Q4:Deamidation (NQ):1000.00,PEAKS DB
1,3578245,TRINITY_DN172_c0_g1_i1:322-8937(+),K.ENLGWQK.L,Y,41.29,873.4344,7,-1.4,437.7239,2,28.91,9.1093E6,1,10025,FK-HNcP-clin-S01_171025053022.raw,1,1,1151,1157,,,PEAKS DB
1,3578245,TRINITY_DN172_c0_g1_i1:322-8937(+),K.ISITEGIER.G,Y,41.25,1016.5502,9,4.7,509.2847,2,36.42,1.3084E7,1,14860,FK-HNcP-clin-S01_171025053022.raw,1,1,2631,2639,,,PEAKS DB
1,3578245,TRINITY_DN172_c0_g1_i1:322-8937(+),R.Q(+.98)LLQEQESVK.Q,Y,41.07,1201.6190,10,1.4,601.8176,2,30.09,2.6598E6,1,10805,FK-HNcP-clin-S01_171025053022.raw,1,1,1667,1676,Deamidation (NQ),Q1:Deamidation (NQ):38.16,PEAKS DB
1,3578245,TRINITY_DN172_c0_g1_i1:322-8937(+),K.FLDQNLQ(+.98)K.Y,Y,41.06,1005.5131,8,1.6,503.7646,2,33.06,5.759E6,1,12673,FK-HNcP-clin-S01_171025053022.raw,1,1,1057,1064,Deamidation (NQ),Q7:Deamidation (NQ):17.01,PEAKS DB
1,3578245,TRINITY_DN172_c0_g1_i1:322-8937(+),K.LVFDGLR.K,Y,41.06,818.4650,7,3.2,410.2411,2,42.30,2.9142E7,1,18676,FK-HNcP-clin-S01_171025053022.raw,1,1,1966,1972,,,PEAKS DB
1,3578245,TRINITY_DN172_c0_g1_i1:322-8937(+),R.ETQSQ(+.98)LETER.S,Y,40.72,1220.5520,10,-2.0,611.2820,2,22.90,1.1738E6,1,6148,FK-HNcP-clin-S01_171025053022.raw,1,1,1923,1932,Deamidation (NQ),Q5:Deamidation (NQ):32.28,PEAKS DB
1,3578245,TRINITY_DN172_c0_g1_i1:322-8937(+),K.IKN(+.98)DLNLK.K,Y,40.62,957.5494,8,-0.9,320.1901,3,25.70,2.1223E6,1,7952,FK-HNcP-clin-S01_171025053022.raw,1,1,814,821,Deamidation (NQ),N3:Deamidation (NQ):83.88,PEAKS DB
1,3578245,TRINITY_DN172_c0_g1_i1:322-8937(+),K.TTIHQLTMQ(+.98)K.E,Y,40.37,1200.6173,10,-1.0,401.2126,3,26.48,5.188E5,1,8457,FK-HNcP-clin-S01_171025053022.raw,1,1,1375,1384,Deamidation (NQ),Q9:Deamidation (NQ):31.27,PEAKS DB
1,3578245,TRINITY_DN172_c0_g1_i1:322-8937(+),R.FLSEMLK.S,Y,39.68,866.4572,7,1.7,434.2366,2,41.35,1.354E7,1,18057,FK-HNcP-clin-S01_171025053022.raw,1,1,1016,1022,,,PEAKS DB
1,3578245,TRINITY_DN172_c0_g1_i1:322-8937(+),R.AEMDMVAWGVDLASVEQHIN(+.98)SHR.G,Y,39.54,2595.1846,23,3.6,649.8058,4,57.92,1.8796E5,1,28678,FK-HNcP-clin-S01_171025053022.raw,1,1,200,222,Deamidation (NQ),N20:Deamidation (NQ):9.42,PEAKS DB
1,3578245,TRINITY_DN172_c0_g1_i1:322-8937(+),K.KQHLEIELK.Q,Y,37.98,1136.6553,9,0.2,379.8925,3,24.78,9.5688E6,1,7356,FK-HNcP-clin-S01_171025053022.raw,2,2,1288,1296,,,PEAKS DB
1,3578245,TRINITY_DN172_c0_g1_i1:322-8937(+),K.TVSVSEAIK.K,Y,37.95,932.5178,9,1.1,467.2667,2,29.41,3.4414E7,1,10353,FK-HNcP-clin-S01_171025053022.raw,1,1,2104,2112,,,PEAKS DB
1,3578245,TRINITY_DN172_c0_g1_i1:322-8937(+),K.NDYDQ(+.98)LQK.A,Y,37.87,1023.4509,8,1.1,512.7333,2,26.53,8.6038E5,1,8495,FK-HNcP-clin-S01_171025053022.raw,1,1,1137,1144,Deamidation (NQ),Q5:Deamidation (NQ):9.40,PEAKS DB
1,3578245,TRINITY_DN172_c0_g1_i1:322-8937(+),R.ISTEEAIR.K,Y,37.50,917.4818,8,0.9,459.7486,2,25.94,2.5059E7,1,8111,FK-HNcP-clin-S01_171025053022.raw,1,1,2745,2752,,,PEAKS DB
1,3578245,TRINITY_DN172_c0_g1_i1:322-8937(+),R.KIQSQ(+.98)FTDAQK.H,Y,35.94,1293.6565,11,1.3,432.2267,3,22.76,7.2214E5,1,6059,FK-HNcP-clin-S01_171025053022.raw,1,1,607,617,Deamidation (NQ),Q5:Deamidation (NQ):9.40,PEAKS DB
1,3578245,TRINITY_DN172_c0_g1_i1:322-8937(+),R.SM(+15.99)VEDITGLR.L,Y,34.59,1135.5543,10,4.3,568.7869,2,36.59,2.7818E6,1,14969,FK-HNcP-clin-S01_171025053022.raw,1,1,2792,2801,Oxidation (M),M2:Oxidation (M):1000.00,PEAKS DB
1,3578245,TRINITY_DN172_c0_g1_i1:322-8937(+),K.LEEELEGMR.R,Y,34.33,1104.5121,9,5.4,553.2663,2,34.52,4.5038E6,1,13615,FK-HNcP-clin-S01_171025053022.raw,1,1,1594,1602,,,PEAKS DB
1,3578245,TRINITY_DN172_c0_g1_i1:322-8937(+),R.SNKPIILR.A,Y,33.94,939.5865,8,-1.8,314.2022,3,23.26,3.0722E6,1,6376,FK-HNcP-clin-S01_171025053022.raw,2,2,457,464,,,PEAKS DB
1,3578245,TRINITY_DN172_c0_g1_i1:322-8937(+),R.LEDELNR.A,Y,33.08,887.4348,7,0.0,444.7247,2,25.25,1.3147E7,1,7661,FK-HNcP-clin-S01_171025053022.raw,1,1,1832,1838,,,PEAKS DB
1,3578245,TRINITY_DN172_c0_g1_i1:322-8937(+),R.QVQN(+.98)LVNK.S,Y,33.05,942.5134,8,0.4,472.2642,2,24.48,8.5055E5,1,7165,FK-HNcP-clin-S01_171025053022.raw,1,1,434,441,Deamidation (NQ),N4:Deamidation (NQ):15.10,PEAKS DB
1,3578245,TRINITY_DN172_c0_g1_i1:322-8937(+),K.LEEELEGM(+15.99)R.R,Y,32.69,1120.5070,9,2.5,561.2621,2,27.64,2.5971E6,1,9192,FK-HNcP-clin-S01_171025053022.raw,1,1,1594,1602,Oxidation (M),M8:Oxidation (M):1000.00,PEAKS DB
1,3578245,TRINITY_DN172_c0_g1_i1:322-8937(+),R.LKAEFQ(+.98)EEAK.R,Y,32.63,1192.5975,10,-0.4,398.5396,3,24.88,3.3556E5,1,7426,FK-HNcP-clin-S01_171025053022.raw,1,1,1330,1339,Deamidation (NQ),Q6:Deamidation (NQ):1000.00,PEAKS DB
1,3578245,TRINITY_DN172_c0_g1_i1:322-8937(+),R.LEYDDLRR.G,Y,31.58,1078.5406,8,0.8,360.5211,3,28.38,2.5205E6,1,9679,FK-HNcP-clin-S01_171025053022.raw,1,1,1729,1736,,,PEAKS DB
1,3578245,TRINITY_DN172_c0_g1_i1:322-8937(+),K.NLPLADQ(+.98)GSSHHITVK.I,Y,31.41,1716.8795,16,2.0,573.3016,3,29.46,3.2796E6,1,10387,FK-HNcP-clin-S01_171025053022.raw,1,1,690,705,Deamidation (NQ),Q7:Deamidation (NQ):26.50,PEAKS DB
1,3578245,TRINITY_DN172_c0_g1_i1:322-8937(+),R.SN(+.98)KPIILR.A,Y,30.27,940.5706,8,-0.1,314.5308,3,25.85,8.7532E5,1,8056,FK-HNcP-clin-S01_171025053022.raw,1,1,457,464,Deamidation (NQ),N2:Deamidation (NQ):1000.00,PEAKS DB
1,3578245,TRINITY_DN172_c0_g1_i1:322-8937(+),K.QQLEVELR.Q,Y,30.08,1013.5505,8,1.5,507.7833,2,35.27,2.6038E6,1,14107,FK-HNcP-clin-S01_171025053022.raw,1,1,1445,1452,,,PEAKS DB
1,3578245,TRINITY_DN172_c0_g1_i1:322-8937(+),R.QPVTVTELVDSGILRPSTVN(+.98)ELESGQISYDEVGER.I,Y,29.99,3816.8904,35,4.3,955.2340,4,59.58,0,1,29734,FK-HNcP-clin-S01_171025053022.raw,0,0,2215,2249,Deamidation (NQ),N20:Deamidation (NQ):0.00,PEAKS DB
1,3578245,TRINITY_DN172_c0_g1_i1:322-8937(+),R.EYEN(+.98)ELAK.V,Y,29.34,995.4447,8,2.1,498.7307,2,27.54,1.5235E6,1,9127,FK-HNcP-clin-S01_171025053022.raw,1,1,1187,1194,Deamidation (NQ),N4:Deamidation (NQ):1000.00,PEAKS DB
1,3578245,TRINITY_DN172_c0_g1_i1:322-8937(+),K.GLQDSIR.K,Y,28.67,787.4188,7,1.8,394.7174,2,26.88,1.6403E7,1,8716,FK-HNcP-clin-S01_171025053022.raw,1,1,394,400,,,PEAKS DB
1,3578245,TRINITY_DN172_c0_g1_i1:322-8937(+),R.Q(+.98)PVTVTELVDSGILRPSTVNELESGQISYDEVGER.I,Y,25.55,3816.8904,35,3.1,1273.3080,3,68.86,3.5585E4,1,35607,FK-HNcP-clin-S01_171025053022.raw,1,1,2215,2249,Deamidation (NQ),Q1:Deamidation (NQ):0.00,PEAKS DB
8,3578285,TRINITY_DN1804_c0_g1_i1:1165-10230(-),R.GSETSHC(+57.02)FTGLSPDTDYGVTVFVQTPNLEGPGVSVK.E,Y,130.64,3781.7781,36,2.7,1261.6034,3,55.55,1.3446E6,1,27174,FK-HNcP-clin-S01_171025053022.raw,1,1,2210,2245,Carbamidomethylation,C7:Carbamidomethylation:1000.00,PEAKS DB
8,3578285,TRINITY_DN1804_c0_g1_i1:1165-10230(-),K.SAAFQIQSFDIVC(+57.02)SPVWTSR.D,Y,103.06,2298.1104,20,2.8,1150.0657,2,61.68,1.1E6,1,31067,FK-HNcP-clin-S01_171025053022.raw,2,2,2656,2675,Carbamidomethylation,C13:Carbamidomethylation:1000.00,PEAKS DB
8,3578285,TRINITY_DN1804_c0_g1_i1:1165-10230(-),R.GTWDHGASDVSLYR.I,Y,99.94,1562.7113,14,1.3,521.9117,3,36.30,7.6449E6,1,14777,FK-HNcP-clin-S01_171025053022.raw,2,2,1631,1644,,,PEAKS DB
8,3578285,TRINITY_DN1804_c0_g1_i1:1165-10230(-),R.ITYQPSTGEGNEQTTTIGGR.Q,Y,99.31,2108.9973,20,1.7,1055.5077,2,33.34,3.2954E6,1,12858,FK-HNcP-clin-S01_171025053022.raw,1,1,1743,1762,,,PEAKS DB
8,3578285,TRINITY_DN1804_c0_g1_i1:1165-10230(-),R.IIYSPTVGDPIDEYTTVPGR.R,Y,94.74,2192.1001,20,1.7,1097.0592,2,51.97,6.6547E6,1,24883,FK-HNcP-clin-S01_171025053022.raw,2,2,2015,2034,,,PEAKS DB
8,3578285,TRINITY_DN1804_c0_g1_i1:1165-10230(-),K.NFASVQGVSLESGSFPSYSAYR.I,Y,94.08,2352.1021,22,2.9,1177.0618,2,52.30,2.6243E6,1,25097,FK-HNcP-clin-S01_171025053022.raw,2,2,2491,2512,,,PEAKS DB
8,3578285,TRINITY_DN1804_c0_g1_i1:1165-10230(-),K.ITVIAVYEDGDGGHLTGN(+.98)GR.T,Y,92.06,2043.9861,20,2.6,682.3378,3,43.93,4.0377E6,1,19726,FK-HNcP-clin-S01_171025053022.raw,1,1,2051,2070,Deamidation (NQ),N18:Deamidation (NQ):1000.00,PEAKS DB
8,3578285,TRINITY_DN1804_c0_g1_i1:1165-10230(-),R.NNVILQPLQPDTPYK.I,Y,91.42,1738.9253,15,1.1,870.4709,2,45.79,2.8798E6,1,20917,FK-HNcP-clin-S01_171025053022.raw,1,1,2036,2050,,,PEAKS DB
8,3578285,TRINITY_DN1804_c0_g1_i1:1165-10230(-),K.ADIVFLTDASWSIGDDNFNK.V,Y,91.39,2227.0432,20,2.6,1114.5317,2,62.81,6.1739E5,1,31785,FK-HNcP-clin-S01_171025053022.raw,1,1,2280,2299,,,PEAKS DB
8,3578285,TRINITY_DN1804_c0_g1_i1:1165-10230(-),R.IVDDLTINLC(+57.02)NSVK.G,Y,91.29,1602.8287,14,3.3,802.4243,2,48.46,3.258E6,1,22636,FK-HNcP-clin-S01_171025053022.raw,1,1,1325,1338,Carbamidomethylation,C10:Carbamidomethylation:1000.00,PEAKS DB
8,3578285,TRINITY_DN1804_c0_g1_i1:1165-10230(-),R.DLSADTEYQISVSAMK.G,Y,90.03,1756.8188,16,2.1,879.4185,2,49.02,1.0157E6,1,22998,FK-HNcP-clin-S01_171025053022.raw,1,1,351,366,,,PEAKS DB
8,3578285,TRINITY_DN1804_c0_g1_i1:1165-10230(-),K.GPGDLEAPSNLVISER.T,Y,89.96,1652.8369,16,-4.4,827.4221,2,45.65,9.6652E5,1,20828,FK-HNcP-clin-S01_171025053022.raw,1,1,1339,1354,,,PEAKS DB
8,3578285,TRINITY_DN1804_c0_g1_i1:1165-10230(-),R.HVFIVDDFESFEK.I,Y,86.08,1610.7616,13,-1.0,806.3873,2,50.24,7.9586E6,1,23778,FK-HNcP-clin-S01_171025053022.raw,2,2,2437,2449,,,PEAKS DB
8,3578285,TRINITY_DN1804_c0_g1_i1:1165-10230(-),R.VSWDPSPSPVLGYK.I,Y,85.71,1530.7719,14,0.5,766.3936,2,47.39,6.8627E6,1,21947,FK-HNcP-clin-S01_171025053022.raw,1,1,2092,2105,,,PEAKS DB
8,3578285,TRINITY_DN1804_c0_g1_i1:1165-10230(-),K.DITDTSIGAYWTSAPGM(+15.99)VR.G,Y,85.45,2055.9570,19,1.2,1028.9871,2,54.71,1.4957E6,1,26635,FK-HNcP-clin-S01_171025053022.raw,2,2,873,891,Oxidation (M),M17:Oxidation (M):1000.00,PEAKS DB
8,3578285,TRINITY_DN1804_c0_g1_i1:1165-10230(-),R.GEVQTVTFDTEEVK.T,Y,84.78,1580.7570,14,0.5,791.3862,2,39.39,7.5398E6,1,16785,FK-HNcP-clin-S01_171025053022.raw,1,1,2586,2599,,,PEAKS DB
8,3578285,TRINITY_DN1804_c0_g1_i1:1165-10230(-),R.GDTTNTVLQGLK.E,Y,84.75,1245.6565,12,1.1,623.8362,2,38.05,4.476E6,1,15916,FK-HNcP-clin-S01_171025053022.raw,1,1,821,832,,,PEAKS DB
8,3578285,TRINITY_DN1804_c0_g1_i1:1165-10230(-),K.GGNTLTGMALNFIR.Q,Y,84.21,1463.7555,14,-0.2,732.8849,2,56.42,1.8747E6,1,27724,FK-HNcP-clin-S01_171025053022.raw,1,1,1231,1244,,,PEAKS DB
8,3578285,TRINITY_DN1804_c0_g1_i1:1165-10230(-),R.VYDPSTSTLNVR.W,Y,83.99,1350.6780,12,0.3,676.3465,2,35.20,8.2426E6,1,14063,FK-HNcP-clin-S01_171025053022.raw,1,1,1810,1821,,,PEAKS DB
8,3578285,TRINITY_DN1804_c0_g1_i1:1165-10230(-),R.SELEAIASPPAETHVFTVEDFDAFQR.I,Y,83.93,2905.3770,26,0.3,969.4666,3,56.41,0,1,27716,FK-HNcP-clin-S01_171025053022.raw,0,0,540,565,,,PEAKS DB
8,3578285,TRINITY_DN1804_c0_g1_i1:1165-10230(-),R.TVGLLPPQNIHISDEWYTR.F,Y,83.27,2238.1433,19,6.8,747.0601,3,51.16,4.3968E6,1,24363,FK-HNcP-clin-S01_171025053022.raw,1,1,2071,2089,,,PEAKS DB
8,3578285,TRINITY_DN1804_c0_g1_i1:1165-10230(-),R.DLSADTEYQISVSAM(+15.99)K.G,Y,82.58,1772.8138,16,2.5,887.4164,2,43.58,6.2054E5,1,19498,FK-HNcP-clin-S01_171025053022.raw,1,1,351,366,Oxidation (M),M15:Oxidation (M):1000.00,PEAKS DB
8,3578285,TRINITY_DN1804_c0_g1_i1:1165-10230(-),R.NVGVEVFSLGIK.A,Y,82.32,1260.7078,12,2.1,631.3625,2,52.37,2.3706E6,1,25142,FK-HNcP-clin-S01_171025053022.raw,1,1,224,235,,,PEAKS DB
8,3578285,TRINITY_DN1804_c0_g1_i1:1165-10230(-),R.YKVEYYPVSGGK.R,Y,81.91,1388.6975,12,4.6,695.3593,2,31.23,6.0221E6,1,11555,FK-HNcP-clin-S01_171025053022.raw,2,2,1373,1384,,,PEAKS DB
8,3578285,TRINITY_DN1804_c0_g1_i1:1165-10230(-),K.GGNTLTGM(+15.99)ALNFIR.Q,Y,81.73,1479.7504,14,4.5,740.8858,2,49.36,1.563E6,1,23212,FK-HNcP-clin-S01_171025053022.raw,1,1,1231,1244,Oxidation (M),M8:Oxidation (M):1000.00,PEAKS DB
8,3578285,TRINITY_DN1804_c0_g1_i1:1165-10230(-),R.DVTHSTMNVFWEPVPGK.V,Y,81.14,1942.9247,17,2.6,648.6505,3,49.66,3.3372E6,1,23404,FK-HNcP-clin-S01_171025053022.raw,1,1,1534,1550,,,PEAKS DB
